region,country,topic,name,url,language,source_type,perspective,channel,platform,is_dataset,accuracy,uniqueness,timeliness,transparency,verifiability,accessibility,depth,composite,notes
Eurasia,Russia,Security,Conflict Intelligence Team (CIT),https://citeam.org,RU/EN,Investigative OSINT collective,Independent (exile),Website,,no,5,5,4,4,5,4,4,4.4,Founder-led OSINT/HUMINT tracking of Russian force movements; relocated to Tbilisi. Undesirable org in RU.
Eurasia,Russia,Security,Agentura.ru,https://agentura.ru,RU/EN,Security-services watchdog (expert),Independent,Website,,no,4,5,3,4,3,4,5,4.0,"Soldatov/Borogan project on FSB/GRU/SVR since 2000; deep institutional expertise, slower cadence."
Eurasia,Russia,Security,Mediazona,https://zona.media,RU/EN,Investigative outlet (courts/security),Independent (exile),Website,,no,5,4,5,4,4,4,3,4.1,"Law enforcement, prisons, courts; verified Russian soldier death toll with BBC Russian."
Eurasia,Russia,Security,Rybar,https://t.me/s/rybar,RU,Milblogger (Telegram),Pro-war / state-aligned,Social media,Telegram,no,3,4,5,2,2,3,3,3.1,Ex-MoD officer; detailed frontline maps. Use as adversary framing; treat claims as sourced propaganda.
Eurasia,Russia,Security,Russian Strategic Nuclear Forces,https://russianforces.org,EN/RU,Order-of-battle database (expert),Independent,Website,,yes,5,5,3,5,4,4,5,4.4,"Pavel Podvig's authoritative open database of Russian strategic nuclear forces, drawn from Russian sources."
Eurasia,Russia,Security,Oryx,https://www.oryxspioenkop.com,EN,Equipment-loss tracker (OSINT dataset),Independent,Website,,yes,4,5,4,5,5,4,2,4.1,Netherlands-based tally of visually confirmed equipment losses (photo/video required); rigorous but an undercount.
Eurasia,Russia,Economic,The Bell,https://en.thebell.io,RU/EN,Business/economics outlet,Independent (exile),Website,,no,5,4,4,4,4,4,4,4.1,"Founded by Osetinskaya; cited by FT/Reuters/WSJ. Twice-weekly economic analysis, EN/RU/FR/DE."
Eurasia,Russia,Economic,Bank of Russia (CBR),https://www.cbr.ru/eng/,RU/EN,Official central bank,State / official,Website,,yes,4,3,4,3,4,4,2,3.4,"Primary monetary, FX, and banking data. Reliable numbers; official framing requires cross-checking."
Eurasia,Russia,Economic,Rosstat,https://rosstat.gov.ru,RU,Official statistics agency,State / official,Website,,yes,3,3,3,2,3,3,2,2.7,Official macro/social statistics. Baseline source but methodology changes and politicization noted.
Eurasia,Russia,Economic,Bear Market Brief,https://bearmarketbrief.substack.com,EN,Newsletter / analysis (FPRI),Independent,Social media,Substack,no,4,4,3,5,4,5,4,4.1,"FPRI Eurasia Program newsletter and podcast on Russia's economy, business, and political-risk environment."
Eurasia,Russia,Political,OVD-Info,https://ovd.info,RU/EN,Human-rights monitor (repression data),Independent,Website,,yes,5,5,5,5,5,5,3,4.7,Real-time detention/persecution database and hotline. Designated extremist in RU (2026).
Eurasia,Russia,Political,Carnegie Politika,https://carnegieendowment.org/russia-eurasia/politika,EN,Expert think-tank analysis,Independent,Website,,no,5,4,3,5,4,5,5,4.4,Regional experts (Gabuev et al.) on elite politics and policy; analytical depth over speed.
Eurasia,Russia,Political,Re:Russia,https://re-russia.net,RU/EN,Expert network / analysis,Independent,Website,,no,4,5,3,4,4,5,5,4.3,"Kirill Rogov's expert hub aggregating and producing research on politics, economy, society."
Eurasia,Russia,Political,Riddle Russia,https://ridl.io,RU/EN,Expert analysis platform,Independent,Website,,no,4,4,3,4,4,5,4,4.0,"Bilingual analytical essays from a broad Russia-studies community; free, non-paywalled."
Eurasia,Russia,Political,Russia Matters,https://www.russiamatters.org,EN,Think-tank hub (analysis + data),Independent,Website,,no,5,3,3,5,4,5,4,4.1,"Harvard Belfer Center project: analysis, fact-checking, and factual data on Russia and US-Russia relations."
Eurasia,Russia,Political,Faridaily,https://faridaily.substack.com,RU/EN,Newsletter / elite politics,Independent (exile),Social media,Substack,no,4,5,3,4,3,4,4,3.9,"Rustamova/Liutova newsletter on Kremlin politics and elite dynamics; strong read on insider mood, bi-weekly."
Eurasia,Russia,Societal,Levada Center,https://www.levada.ru/en/,RU/EN,Independent pollster,Independent,Website,,yes,5,4,4,5,5,4,3,4.3,Russia's principal independent pollster since 2003; foreign-agent listed 2016. Trusted trend data.
Eurasia,Russia,Societal,Russian Field,https://russianfield.com,RU,Independent polling project,Independent,Website,,yes,4,5,4,5,5,4,3,4.3,Post-2022 startup pollster probing war attitudes with nuanced question design.
Eurasia,Russia,Societal,Chronicles,https://www.chronicles.report,RU/EN,War-opinion research (open data),Independent,Website,,yes,4,5,3,5,5,4,3,4.1,Miniailo-led project; publishes anonymized datasets/questionnaires on war perception via GitHub.
Eurasia,Russia,Societal,ExtremeScan,https://www.extremescan.eu,EN/RU,Research collective (polling dataset),Independent,Website,,yes,4,4,3,5,4,4,4,4.0,Koneva-led international collective measuring wartime opinion in RU/UA/BY; publishes methodology and releases.
Eurasia,Russia,Societal,Russia Watcher,https://russiawatcher.com,EN,Daily tracking survey (Princeton),Independent,Website,,yes,4,5,5,5,5,4,3,4.4,Princeton daily survey (~200 respondents/day) on war attitudes and propaganda effects; open reports.
Eurasia,Russia,General,Meduza,https://meduza.io/en,RU/EN,Independent news outlet,Independent (exile),Website,,no,5,3,5,4,4,5,3,4.1,"Leading Riga-based independent daily; broad, fast coverage. Undesirable org in RU."
Eurasia,Russia,General,The Insider,https://theins.ru/en,RU/EN,Investigative / fact-checking,Independent (exile),Website,,no,5,4,4,4,5,5,4,4.4,"Dobrokhotov's outlet; frequent Bellingcat/OCCRP collaborations, disinfo debunking."
Eurasia,Russia,General,iStories,https://istories.media/en,RU/EN,Investigative (corruption/war crimes),Independent (exile),Website,,no,5,5,3,4,5,5,4,4.4,Anin-led; Pandora/Panama Papers pedigree; deep data-driven investigations.
Eurasia,Russia,General,Proekt,https://www.proekt.media/en/,RU/EN,Investigative (data journalism),Independent (exile),Website,,no,5,5,3,4,5,5,4,4.4,"Badanin's outlet on elite corruption and power; undesirable org in RU, resumed in exile."
Eurasia,Russia,General,Dossier Center,https://dossier.center,RU/EN,Investigative nonprofit,Independent (exile),Website,,no,4,5,3,3,4,4,3,3.7,Khodorkovsky-funded investigations mapping officials tied to corruption and covert operations.
Eurasia,Russia,General,Novaya Gazeta Europe,https://novayagazeta.eu,RU/EN,Independent news outlet,Independent (exile),Website,,no,5,3,5,4,4,5,3,4.1,Riga-based continuation of Novaya Gazeta after its 2022 suspension; broad news and investigations.
Eurasia,Russia,General,Novaya Gazeta,https://novayagazeta.ru,RU,Independent newspaper,Independent,Website,,no,5,3,3,4,4,4,3,3.7,"Storied Moscow paper (Nobel 2021); print suspended in RU 2022, limited online presence remains."
Eurasia,Russia,General,TV Rain (Dozhd),https://tvrain.tv,RU,Independent TV / news,Independent (exile),Website,,no,4,3,5,4,3,4,3,3.7,Independent broadcaster relocated to the Netherlands; live news and talk. Undesirable org in RU.
Eurasia,Russia,General,The Moscow Times,https://www.themoscowtimes.com,EN/RU,Independent news outlet,Independent (exile),Website,,no,5,3,5,4,4,5,3,4.1,"English/Russian daily, Amsterdam-based; accessible entry point for non-Russian readers."
Eurasia,Russia,General,Holod,https://holod.media,RU,Long-form / features,Independent (exile),Website,,no,4,4,4,4,4,4,4,4.0,"Narrative long-reads on society, war, and human stories. Foreign-agent listed."
Eurasia,Russia,General,Verstka,https://verstka.media,RU,Investigative features,Independent (exile),Website,,no,5,5,4,4,5,4,4,4.4,"Post-2022 investigative outlet; scoops on mobilization, repression, and the war economy."
Eurasia,Russia,General,Republic,https://republic.ru,RU,Analysis / subscription,Independent,Website,,no,4,3,4,4,3,3,4,3.6,Subscription analytical daily on politics and economics.
Eurasia,Russia,General,Agentstvo,https://www.agents.media,RU,Investigative / news monitor,Independent (exile),Website,,no,5,4,5,4,4,4,3,4.1,Fast investigative news project by former Proekt and iStories journalists.
Eurasia,Russia,General,Bumaga,https://paperpaper.ru,RU,City media (St. Petersburg),Independent,Website,,no,4,4,4,4,4,4,3,3.9,"St. Petersburg city outlet; local politics, culture, and social issues."
Eurasia,Russia,General,DOXA,https://doxa.team,RU,Student / youth media,Independent (exile),Website,,no,4,4,3,4,4,4,3,3.7,"Youth-focused outlet on universities, protest, and repression; several editors prosecuted."
Eurasia,Russia,General,7x7 Horizontal Russia,https://7x7-journal.ru,RU,Regional civic media,Independent,Website,,no,4,5,3,4,4,3,3,3.7,Regional 'horizontal' journalism giving voice to local activists across Russia's provinces.
Eurasia,Russia,General,SOTAvision,https://sotavision.media,RU,Protest / repression live media,Independent,Website,,no,3,4,5,3,3,4,2,3.4,"Live coverage of protests, trials, and repression; fast but variable editing."
Eurasia,Russia,General,Grani.ru,https://graniru.org,RU,Opposition news,Independent,Website,,no,3,3,4,3,3,3,3,3.1,"Veteran opposition news site, blocked in RU since 2014."
Eurasia,Russia,General,BBC News Russian,https://www.bbc.com/russian,RU,Foreign public broadcaster,Independent (external),Website,,no,5,3,5,5,4,5,3,4.3,BBC's Russian service; co-produces the verified Russian casualty count with Mediazona.
Eurasia,Russia,General,Radio Svoboda (RFE/RL),https://www.svoboda.org,RU,US-funded broadcaster,Independent (external),Website,,no,4,3,5,4,4,4,3,3.9,"RFE/RL Russian Service; broad news, blocked and 'undesirable' in RU."
Eurasia,Russia,General,Current Time TV,https://www.currenttime.tv,RU,US-funded TV / digital,Independent (external),Website,,no,4,3,5,4,4,4,3,3.9,RFE/RL + VOA Russian-language TV and digital network.
Eurasia,Russia,General,Vot Tak (Belsat),https://vot-tak.tv,RU,Exile broadcaster (Poland),Independent (exile),Website,,no,4,3,4,4,4,4,3,3.7,Poland-based Russian-language outlet from the Belsat family.
Eurasia,Russia,General,Cherta,https://cherta.media,RU,Social-issues media,Independent (exile),Website,,no,4,4,3,4,4,4,4,3.9,"Explanatory journalism on violence, inequality, and social problems."
Eurasia,Russia,General,Caucasian Knot,https://www.eng.kavkaz-uzel.eu,RU/EN,Regional news / human rights,Independent,Website,,no,5,5,4,4,5,4,3,4.3,Encyclopedic North/South Caucasus coverage founded by Memorial; tracks regional violence.
Eurasia,Russia,General,OC Media,https://oc-media.org,EN,Regional independent (Caucasus),Independent,Website,,no,4,5,4,5,4,5,3,4.3,English-language North and South Caucasus reporting.
Eurasia,Russia,General,People of Baikal,https://baikal-journal.ru,RU,Regional long-form (Siberia),Independent,Website,,no,4,5,3,4,4,3,4,3.9,Long reads and photo stories from Irkutsk and the Baikal region.
Eurasia,Russia,General,Novaya Vkladka (The New Tab),https://en.thenewtab.io,RU/EN,Provincial-Russia features,Independent (exile),Website,,no,4,5,3,4,4,4,4,4.0,Deeply reported stories from provincial Russia often invisible from outside.
Eurasia,Russia,General,Sever.Realii (RFE/RL),https://www.severreal.org,RU,Regional service (Northern Russia),Independent (external),Website,,no,4,5,4,4,4,4,3,4.0,RFE/RL unit covering northern Russia.
Eurasia,Russia,General,Sibir.Realii (RFE/RL),https://www.sibreal.org,RU,Regional service (Siberia),Independent (external),Website,,no,4,5,4,4,4,4,3,4.0,RFE/RL unit covering Siberia.
Eurasia,Russia,General,Idel.Realii (RFE/RL),https://www.idelreal.org,RU,Regional service (Volga/Tatar-Bashkir),Independent (external),Website,,no,4,5,4,4,4,4,3,4.0,RFE/RL unit on the Volga–Ural region and its national republics.
Eurasia,Russia,General,Kavkaz.Realii (RFE/RL),https://www.kavkazr.com,RU,Regional service (North Caucasus),Independent (external),Website,,no,4,5,4,4,4,4,3,4.0,RFE/RL North Caucasus service.
Eurasia,Russia,Security,Institute for the Study of War (ISW),https://www.understandingwar.org,EN,War think tank (daily assessments),Independent (external),Website,,no,4,4,5,5,4,5,5,4.6,Daily Russian-offensive campaign assessments and an interactive control-of-terrain map.
Eurasia,Russia,Security,Jamestown Foundation,https://jamestown.org,EN,Eurasia think tank,Independent (external),Website,,no,4,4,3,5,4,5,5,4.3,Eurasia Daily Monitor; long-running analysis of Russian military and security affairs.
Eurasia,Russia,Security,CEPA,https://cepa.org,EN,Policy think tank,Independent (external),Website,,no,4,3,3,5,4,5,5,4.1,Center for European Policy Analysis; Russia/Ukraine security and disinformation work.
Eurasia,Russia,Security,RUSI,https://www.rusi.org,EN,Defence think tank,Independent (external),Website,,no,5,4,3,5,4,4,5,4.3,"UK defence institute; rigorous work on Russian forces, lessons of the war, and sanctions."
Eurasia,Russia,Security,WarTranslated,https://wartranslated.com,EN,Translation / monitoring,Independent,Website,,no,4,4,5,4,4,4,2,3.9,Dmitri's project translating Russian- and Ukrainian-language war material into English.
Eurasia,Russia,Security,WarGonzo,https://t.me/s/wargonzo,RU,Milblogger (Semyon Pegov),Pro-war / state-aligned,Social media,Telegram,no,3,4,5,2,2,3,3,3.1,"Front-embedded pro-war blogger, ~1M+ followers. Adversary framing; verify all claims."
Eurasia,Russia,Security,Colonel Cassad,https://t.me/s/boris_rozhin,RU,Milblogger (Boris Rozhin),Pro-war / state-aligned,Social media,Telegram,no,3,4,5,2,2,3,3,3.1,Long-running pro-war channel close to MoD line; detailed but propagandistic.
Eurasia,Russia,Security,Yuri Podolyaka,https://t.me/s/yurasumy,RU,Milblogger (individual),Pro-war / state-aligned,Social media,Telegram,no,3,3,5,2,2,3,2,2.9,"Pro-Russian Ukrainian-born blogger, ~2.8M subscribers; daily front summaries with a slant."
Eurasia,Russia,Security,Two Majors,https://t.me/s/dva_majors,RU,Milblogger (anonymous),Pro-war / state-aligned,Social media,Telegram,no,3,3,5,1,2,3,2,2.7,Anonymous pro-war channel; frontline claims and fundraising. Treat as sourced propaganda.
Eurasia,Russia,Security,Readovka,https://readovka.news,RU,Pro-Kremlin news agency,Pro-war / state-aligned,Website,,no,3,3,5,2,2,4,2,3.0,High-traffic pro-Kremlin news brand; useful as a barometer of the pro-war narrative.
Eurasia,Russia,Security,CAST (Moscow Defense Brief),https://www.cast.ru,RU/EN,Defence-industry think tank,State-aligned,Website,,no,4,4,3,3,4,4,4,3.7,Centre for Analysis of Strategies and Technologies; arms trade and defence-industry expertise.
Eurasia,Russia,Security,Lostarmour,https://lostarmour.info,RU,Loss tracker (pro-RU),Pro-war / state-aligned,Website,,yes,3,4,4,2,4,3,2,3.1,Pro-Russian visually-confirmed loss database; a counterweight/undercount comparison to Oryx.
Eurasia,Russia,Security,Ministry of Defence (Russia),https://mil.ru,RU,Official (MoD),State / official,Website,,no,2,3,4,2,2,3,1,2.4,Official MoD communiques and briefings; primary source for the Russian government's claims.
Eurasia,Russia,Economic,RBC,https://www.rbc.ru,RU,Business news,Establishment,Website,,no,4,3,5,3,4,4,3,3.7,Major business-news holding; still substantive on economy though under ownership pressure.
Eurasia,Russia,Economic,Kommersant,https://www.kommersant.ru,RU,Business daily,Establishment,Website,,no,4,3,4,3,4,4,3,3.6,"Establishment business daily; well-sourced on corporate and policy news, owned by Usmanov."
Eurasia,Russia,Economic,Vedomosti,https://www.vedomosti.ru,RU,Business daily,Establishment,Website,,no,3,3,4,3,3,4,3,3.3,Business daily; editorial line shifted pro-Kremlin after the 2020 ownership change.
Eurasia,Russia,Economic,Interfax,https://www.interfax.ru,RU,News agency,Establishment,Website,,no,4,3,5,3,4,4,2,3.6,"Wire agency; fast corporate, financial, and official news."
Eurasia,Russia,Economic,Ministry of Finance (Minfin),https://minfin.gov.ru,RU,Official (budget/fiscal data),State / official,Website,,yes,4,3,4,3,4,3,1,3.1,"Primary source for the federal budget, debt, and NWF fund data."
Eurasia,Russia,Economic,Moscow Exchange (MOEX),https://www.moex.com/en,RU/EN,Exchange market data,Establishment,Website,,yes,4,3,5,4,5,4,1,3.7,"Equities, bonds, FX, and derivatives market data and indices."
Eurasia,Russia,Economic,Federal Customs Service,https://customs.gov.ru,RU,Official trade statistics,State / official,Website,,yes,3,4,3,2,4,3,1,2.9,Foreign-trade statistics; publication was restricted/partial after 2022.
Eurasia,Russia,Economic,Federal Tax Service (FNS),https://www.nalog.gov.ru,RU,Official registries / tax data,State / official,Website,,yes,4,4,4,3,5,3,1,3.4,Company registries (EGRUL) and tax data; valuable for corporate due diligence.
Eurasia,Russia,Economic,bne IntelliNews,https://www.intellinews.com,EN,Emerging-markets business news,Independent (external),Website,,no,4,4,4,4,4,4,4,4.0,Business New Europe; sustained coverage of the Russian macro and corporate scene.
Eurasia,Russia,Economic,BOFIT (Bank of Finland),https://www.bofit.fi/en/,EN,Emerging-economies research,Independent (external),Website,,yes,5,4,3,5,5,5,5,4.6,Bank of Finland Institute; independent forecasts and data on the Russian economy.
Eurasia,Russia,Economic,CMASF,https://www.forecast.ru,RU,Macro forecasting,Independent,Website,,no,4,4,3,4,4,3,4,3.7,Center for Macroeconomic Analysis and Short-term Forecasting; respected independent modeling.
Eurasia,Russia,Economic,Gaidar Institute,https://www.iep.ru,RU/EN,Economic think tank,Independent,Website,,no,4,3,3,4,4,4,4,3.7,Long-standing market-reform economics institute; monthly monitoring and analysis.
Eurasia,Russia,Economic,HSE (Higher School of Economics),https://www.hse.ru,RU/EN,University research,Academic,Website,,no,4,3,3,3,4,4,4,3.6,"Major research university; economic and social studies, despite academic-freedom pressure."
Eurasia,Russia,Economic,Ministry of Economic Development,https://www.economy.gov.ru,RU,Official (forecasts),State / official,Website,,yes,3,3,3,2,3,3,2,2.7,Official macro forecasts and sectoral programs.
Eurasia,Russia,Political,Memorial,https://memohrc.org,RU/EN,Human-rights monitor,Independent,Website,,yes,5,5,3,5,5,4,3,4.3,Nobel-laureate rights group; the reference list of Russian political prisoners.
Eurasia,Russia,Political,Golos,https://www.golosinfo.org,RU/EN,Election monitoring,Independent,Website,,yes,5,5,4,5,5,4,3,4.4,Independent election watchdog (wound down 2025); violations maps and reports archive.
Eurasia,Russia,Political,SOVA Center,https://www.sova-center.ru,RU/EN,Extremism / hate-crime monitor,Independent,Website,,yes,5,5,3,5,5,4,4,4.4,"Authoritative tracking of hate crime, nationalism, and misuse of anti-extremism law."
Eurasia,Russia,Political,Roskomsvoboda,https://roskomsvoboda.org,RU,Digital-rights / censorship monitor,Independent,Website,,yes,4,5,4,5,4,4,3,4.1,Tracks website blocking and internet-censorship cases; digital-rights defense.
Eurasia,Russia,Political,First Department (Pervyi Otdel),https://firstdepartment.org,RU/EN,Treason/espionage legal defense,Independent (exile),Website,,no,4,5,3,4,4,4,3,3.9,Lawyers documenting the surge in treason/espionage prosecutions.
Eurasia,Russia,Political,R.Politik,https://www.rpolitik.com,EN/RU,Political-risk analysis,Independent,Website,,no,5,4,3,5,4,3,5,4.1,Tatiana Stanovaya's firm; granular reads on elite conflict and decision-making.
Eurasia,Russia,Political,RIAC,https://russiancouncil.ru,RU/EN,Foreign-policy think tank,State-aligned,Website,,no,3,3,3,3,3,4,4,3.3,MFA-founded council; a window on mainstream Russian foreign-policy thinking.
Eurasia,Russia,Political,Valdai Discussion Club,https://valdaiclub.com,RU/EN,Foreign-policy forum,State-aligned,Website,,no,3,3,3,3,3,4,3,3.1,Kremlin-adjacent forum; useful for the official strategic narrative and elite signaling.
Eurasia,Russia,Political,Russia in Global Affairs,https://eng.globalaffairs.ru,RU/EN,Foreign-policy journal,State-aligned,Website,,no,3,4,3,4,3,4,5,3.7,Lukyanov's journal; sophisticated establishment-aligned IR analysis.
Eurasia,Russia,Political,PONARS Eurasia,https://www.ponarseurasia.org,EN,Academic policy network,Independent (external),Website,,no,5,4,3,5,4,5,5,4.4,Network of scholars; concise policy memos grounded in field research.
Eurasia,Russia,Political,Kennan Institute (Wilson Center),https://www.wilsoncenter.org/program/kennan-institute,EN,Russia think tank,Independent (external),Website,,no,5,3,3,5,4,5,5,4.3,The Russia File and Kennan Cable; academic-quality analysis of Russian affairs.
Eurasia,Russia,Political,State Duma,http://duma.gov.ru,RU,Legislature (official),State / official,Website,,yes,3,3,4,3,4,3,1,3.0,"Official record of bills, votes, and deputies — the primary legislative source."
Eurasia,Russia,Political,Federation Council,http://council.gov.ru,RU,Upper house (official),State / official,Website,,no,3,3,4,3,4,3,1,3.0,Official record of the upper chamber.
Eurasia,Russia,Political,Kremlin (President of Russia),http://en.kremlin.ru,RU/EN,Presidential administration (official),State / official,Website,,no,3,3,4,2,4,4,1,3.0,"Transcripts of Putin's speeches, decrees, and meetings — primary official positions."
Eurasia,Russia,Political,Government of Russia,http://government.ru,RU/EN,Cabinet (official),State / official,Website,,no,3,3,4,2,4,4,1,3.0,"Official cabinet decisions, decrees, and programs."
Eurasia,Russia,Political,Official Legal Information Portal,http://pravo.gov.ru,RU,Official legislation texts,State / official,Website,,yes,5,3,4,3,5,3,1,3.4,Authoritative full texts of laws and decrees as published.
Eurasia,Russia,Political,Central Election Commission (CIK),http://www.cikrf.ru,RU,Official election results,State / official,Website,,yes,3,3,4,2,4,3,1,2.9,"Official election returns and turnout — primary data, read against Golos monitoring."
Eurasia,Russia,Political,Ministry of Foreign Affairs (MID),https://mid.ru,RU/EN,Official (MFA),State / official,Website,,no,3,3,4,2,3,4,1,2.9,"Official statements, briefings, and positions of the Russian government."
Eurasia,Russia,General,TASS,https://tass.com,RU/EN,State news agency,State media,Website,,no,3,3,5,2,3,5,1,3.1,State wire; comprehensive official-line coverage. Read as the government's framing.
Eurasia,Russia,General,RIA Novosti,https://ria.ru,RU,State news agency,State media,Website,,no,2,3,5,2,2,4,1,2.7,"State agency; high volume, strong propaganda framing."
Eurasia,Russia,General,RT,https://www.rt.com,EN/RU,State international broadcaster,State media,Website,,no,2,3,5,2,2,5,2,3.0,State foreign-facing broadcaster; a primary vehicle of Russian messaging abroad.
Eurasia,Russia,General,Rossiyskaya Gazeta,https://rg.ru,RU,Government daily (record of laws),State / official,Website,,no,4,3,4,3,4,4,1,3.3,Government's official newspaper; the paper of record for published legislation.
Eurasia,Russia,General,Izvestia,https://iz.ru,RU,Pro-Kremlin daily,State media,Website,,no,3,3,5,2,3,4,2,3.1,Establishment pro-Kremlin daily; useful for elite-approved messaging.
Eurasia,Russia,General,Gazeta.ru,https://www.gazeta.ru,RU,News portal,Establishment,Website,,no,3,3,5,3,3,4,2,3.3,High-traffic news portal; broadly establishment-aligned.
Eurasia,Russia,General,Lenta.ru,https://lenta.ru,RU,News portal,State media,Website,,no,2,3,5,2,2,4,1,2.7,"Mass-market portal, pro-Kremlin since the 2014 editorial purge."
Eurasia,Russia,Societal,VTsIOM,https://wciom.ru,RU/EN,State pollster,State-aligned,Website,,yes,3,4,4,3,4,4,2,3.4,"State-run pollster; large sample series, but framing and wartime context shape results."
Eurasia,Russia,Societal,FOM (Public Opinion Foundation),https://fom.ru,RU,Kremlin-linked pollster,State-aligned,Website,,yes,3,4,4,3,4,4,2,3.4,Kremlin-commissioned weekly polling ('inFOM'); tracks mood the administration watches.
Eurasia,Russia,Societal,To Be Precise (tochno.st),https://tochno.st,RU,Social-data project,Independent,Website,,yes,5,5,3,5,5,4,3,4.3,"Cleans and publishes datasets on social problems — HIV, courts, homelessness, inequality."
Eurasia,Russia,Societal,Takie Dela,https://takiedela.ru,RU,Social-issues journalism,Independent,Website,,no,4,4,3,4,4,4,3,3.7,"Nuzhna Pomoshch's outlet on social problems, charity, and vulnerable communities."
Eurasia,Russia,Societal,Kedr.media,https://kedr.media,RU,Environmental media,Independent (exile),Website,,no,4,5,3,4,4,4,3,3.9,"Environment-focused reporting — fires, waste, protected areas; foreign-agent listed."
Eurasia,Russia,Societal,T-invariant,https://t-invariant.org,RU/EN,Science / academia community,Independent (exile),Website,,no,4,5,3,4,4,4,4,4.0,"Platform by exiled scientists on Russian academia, brain drain, and science policy."
Eurasia,Russia,Societal,Bellona,https://bellona.org,EN/RU,Environment / nuclear watchdog,Independent (external),Website,,no,4,4,3,5,4,4,4,4.0,Norwegian watchdog with deep files on Russian nuclear and environmental issues.
Eurasia,Russia,Societal,Agency for Social Information (ASI),https://www.asi.org.ru,RU,NGO-sector news,Independent,Website,,no,4,4,3,4,4,3,3,3.6,News service on Russia's non-profit and civil-society sector.
Eurasia,Russia,General,Provereno (Meduza),https://provereno.media,RU,Fact-checking,Independent (exile),Website,,no,5,4,4,5,5,4,3,4.3,Meduza's fact-checking desk; debunks viral claims in Russian.
Eurasia,Russia,General,EUvsDisinfo,https://euvsdisinfo.eu,EN,Disinformation database,Independent (external),Website,,yes,4,4,4,5,4,5,3,4.1,EEAS East StratCom database of pro-Kremlin disinformation cases.
Eurasia,Russia,General,Bellingcat,https://www.bellingcat.com,EN,Investigative OSINT,Independent (external),Website,,no,5,5,3,5,5,5,4,4.6,Open-source investigations; landmark work identifying GRU/FSB operations.
Eurasia,Russia,General,OCCRP,https://www.occrp.org,EN,Investigative consortium,Independent (external),Website,,no,5,4,3,5,5,5,4,4.4,Cross-border investigations into corruption and organized crime touching Russia.
Eurasia,Ukraine,General,Kyiv Independent,https://kyivindependent.com,EN,Independent news outlet,Independent,Website,,no,5,4,5,5,4,5,3,4.4,"English-language flagship founded by ex-Kyiv Post staff; reader-funded, war and politics."
Eurasia,Ukraine,General,Ukrainska Pravda,https://www.pravda.com.ua,UK/RU/EN,Independent news / politics,Independent,Website,,no,5,4,5,4,4,4,3,4.1,Leading Ukrainian news site since 2000; breaking politics and its 'European Pravda' arm.
Eurasia,Ukraine,General,Suspilne,https://suspilne.media,UK,Public broadcaster,Public broadcaster,Website,,no,4,3,5,4,4,4,3,3.9,"Ukraine's public broadcaster; broad, comparatively balanced national and regional coverage."
Eurasia,Ukraine,General,NV (New Voice),https://nv.ua,UK/EN,Independent news / magazine,Independent,Website,,no,4,3,5,4,4,4,3,3.9,"News site and magazine with an English edition; politics, business, opinion."
Eurasia,Ukraine,General,Hromadske,https://hromadske.ua,UK,Independent media,Independent,Website,,no,4,3,4,4,4,4,3,3.7,Public-interest outlet born of the Maidan; reporting and fact-checking.
Eurasia,Ukraine,General,Dzerkalo Tyzhnia (ZN.ua),https://zn.ua,UK/RU,Analytical weekly,Independent,Website,,no,4,4,3,4,4,4,4,3.9,"Long-form analytical weekly on politics, economy, and security."
Eurasia,Ukraine,General,LB.ua,https://lb.ua,UK/RU,News / politics,Independent,Website,,no,4,3,4,4,3,4,3,3.6,Politics-focused news site with insider reporting.
Eurasia,Ukraine,General,Babel,https://babel.ua,UK/EN,Independent news,Independent,Website,,no,4,3,4,4,4,4,3,3.7,"Newer independent outlet; clean reporting and explainers, English edition."
Eurasia,Ukraine,General,Zaborona,https://zaborona.com,UK/EN,Investigative / social,Independent,Website,,no,4,4,3,4,4,4,4,3.9,"Investigations and features on rights, memory, and social issues."
Eurasia,Ukraine,General,Ukrainer,https://ukrainer.net,UK/EN,Documentary / regional,Independent,Website,,no,4,4,3,4,4,4,3,3.7,Multimedia documentary project mapping Ukraine's regions and communities.
Eurasia,Ukraine,General,Ukrinform,https://www.ukrinform.net,UK/EN,State news agency,State / official,Website,,no,4,3,5,3,4,4,1,3.4,"Official state news agency; multilingual wire, useful for the government's line."
Eurasia,Ukraine,General,Detector Media,https://detector.media,UK/EN,Media / disinformation watchdog,Independent,Website,,no,5,4,4,5,4,4,4,4.3,Media-analysis NGO tracking disinformation and press-freedom in Ukraine.
Eurasia,Ukraine,Security,Bihus.Info,https://bihus.info,UK,Anti-corruption investigations,Independent,Website,,no,5,5,3,4,5,4,4,4.3,Video-led investigations into corruption in defense procurement and officialdom.
Eurasia,Ukraine,Security,Slidstvo.Info,https://www.slidstvo.info,UK/EN,Investigative,Independent,Website,,no,5,5,3,4,5,4,4,4.3,Investigative agency; frequent cross-border and war-crimes reporting.
Eurasia,Ukraine,Security,Schemes (RFE/RL),https://www.radiosvoboda.org/schemes,UK,Investigative (RFE/RL),Independent (external),Website,,no,5,5,3,5,5,4,4,4.4,RFE/RL Ukraine's investigative unit exposing high-level corruption.
Eurasia,Ukraine,Security,DeepState,https://deepstatemap.live,UK/EN,Frontline map (OSINT),Independent,Website,,yes,4,5,5,4,4,4,3,4.1,"Widely-cited interactive control-of-terrain map of the war, updated continuously."
Eurasia,Ukraine,Security,Militarnyi,https://militarnyi.com,UK/EN,Military news / analysis,Independent,Website,,no,4,4,5,4,4,4,3,4.0,Defense-technology and battlefield news outlet.
Eurasia,Ukraine,Security,Defense Express,https://defence-ua.com,UK/EN,Defense analysis,Independent,Website,,no,4,4,4,4,4,4,4,4.0,Defense-industry and military analysis with an English feed.
Eurasia,Ukraine,Security,ArmyInform,https://armyinform.com.ua,UK,MoD media,State / official,Website,,no,3,3,5,3,3,4,2,3.3,Ministry of Defence outlet; official military communications.
Eurasia,Ukraine,Security,Come Back Alive,https://savelife.in.ua,UK/EN,Defense NGO / foundation,Independent,Website,,no,4,4,4,5,4,4,3,4.0,Major defense-support foundation; reporting and analysis on military needs.
Eurasia,Ukraine,Economic,Economichna Pravda,https://www.epravda.com.ua,UK,Business / economy news,Independent,Website,,no,4,4,4,4,4,4,3,3.9,Economy-focused sister site of Ukrainska Pravda.
Eurasia,Ukraine,Economic,National Bank of Ukraine (NBU),https://bank.gov.ua,UK/EN,Central bank,State / official,Website,,yes,5,3,4,4,5,4,2,3.9,"Central bank; monetary, banking, FX and balance-of-payments data, English site."
Eurasia,Ukraine,Economic,State Statistics Service (Ukrstat),https://stat.gov.ua,UK/EN,Official statistics,State / official,Website,,yes,3,3,3,3,4,3,1,2.9,National statistics office (Derzhstat); wartime data gaps and delays.
Eurasia,Ukraine,Economic,KSE Institute,https://kse.ua,UK/EN,Economics research,Independent,Website,,yes,5,5,4,5,5,4,5,4.7,"Kyiv School of Economics analytical arm; sanctions, oil-trade, and war-damage datasets."
Eurasia,Ukraine,Economic,VoxUkraine,https://voxukraine.org,UK/EN,Economics analysis / fact-check,Independent,Website,,no,5,4,3,5,4,4,5,4.3,Academic-economist platform; analysis and the VoxCheck fact-checking project.
Eurasia,Ukraine,Economic,Prozorro,https://prozorro.gov.ua,UK/EN,Procurement dataset (official),State / official,Website,,yes,4,5,4,4,5,4,1,3.9,Open public-procurement system; a landmark transparency dataset.
Eurasia,Ukraine,Economic,Opendatabot,https://opendatabot.ua,UK/EN,Registry data / analytics,Independent,Website,,yes,4,4,4,4,5,4,2,3.9,"Aggregates company, court, sanctions, and property registries for due diligence."
Eurasia,Ukraine,Political,NABU,https://nabu.gov.ua,UK/EN,Anti-corruption bureau (official),State / official,Website,,no,4,4,4,4,4,4,2,3.7,National Anti-Corruption Bureau; official case updates and disclosures.
Eurasia,Ukraine,Political,NAZK (NACP),https://nazk.gov.ua,UK/EN,Asset declarations (official),State / official,Website,,yes,4,4,3,4,5,3,1,3.4,National Agency on Corruption Prevention; the officials' asset-declaration register.
Eurasia,Ukraine,Political,Verkhovna Rada,https://www.rada.gov.ua,UK,Parliament (official),State / official,Website,,yes,4,3,4,3,5,3,1,3.3,"Parliament's official record of bills, votes, and MPs."
Eurasia,Ukraine,Political,Chesno,https://www.chesno.org,UK,Politician-monitoring movement,Independent,Website,,yes,4,5,3,5,4,4,3,4.0,"Civic movement profiling politicians, party finances, and MP voting records."
Eurasia,Ukraine,Political,OPORA,https://www.oporaua.org,UK/EN,Election monitoring,Independent,Website,,yes,5,5,3,5,5,4,3,4.3,Leading non-partisan election-observation network; detailed monitoring datasets.
Eurasia,Ukraine,Societal,KIIS,https://www.kiis.com.ua,UK/EN,Sociology / polling,Independent,Website,,yes,5,4,4,5,5,4,3,4.3,Kyiv International Institute of Sociology; long-run rigorous public-opinion series.
Eurasia,Ukraine,Societal,Razumkov Centre,https://razumkov.org.ua,UK/EN,Think tank + polling,Independent,Website,,yes,5,4,3,5,4,4,5,4.3,Leading think tank combining policy analysis with its own sociological surveys.
Eurasia,Ukraine,Societal,Rating Group,https://ratinggroup.ua,UK/EN,Pollster,Independent,Website,,yes,4,4,4,4,4,4,2,3.7,"Frequent national polling on politics, identity, and the war."
Eurasia,Ukraine,Societal,Democratic Initiatives Foundation,https://dif.org.ua,UK/EN,Sociology / analysis,Independent,Website,,no,4,4,3,4,4,4,4,3.9,"Think tank on democracy, elections, and public opinion (often with KIIS)."
Eurasia,Ukraine,Societal,ZMINA,https://zmina.info,UK/EN,Human-rights center,Independent,Website,,no,5,4,3,5,4,4,3,4.0,"Human-rights center documenting abuses, occupation, and civic-space issues."
Eurasia,Ukraine,Societal,Truth Hounds,https://truth-hounds.org,EN/UK,War-crimes documentation,Independent,Website,,no,5,5,3,5,5,4,3,4.3,Field documentation of war crimes to international-justice standards.
Europe,Hungary,General,Telex,https://telex.hu,HU,Independent news outlet,Independent,Website,,no,5,4,5,5,4,4,3,4.3,Flagship independent site founded by ex-Index staff in 2020; reader-funded.
Europe,Hungary,General,444,https://444.hu,HU,Independent news,Independent,Website,,no,4,4,5,4,4,4,3,4.0,Popular independent news and commentary site.
Europe,Hungary,General,HVG,https://hvg.hu,HU,Weekly / news,Independent,Website,,no,4,3,5,4,4,4,3,3.9,Long-established weekly and news portal; economy and politics.
Europe,Hungary,General,Magyar Hang,https://magyarhang.org,HU,Weekly / news,Independent,Website,,no,4,3,4,4,4,4,3,3.7,Independent weekly published from abroad and online.
Europe,Hungary,General,Népszava,https://nepszava.hu,HU,Daily (left),Independent,Website,,no,4,3,4,3,4,4,3,3.6,"Long-running left-leaning daily, one of few non-government print titles."
Europe,Hungary,General,Válasz Online,https://www.valaszonline.hu,HU,Analysis / features,Independent,Website,,no,4,4,3,4,4,3,4,3.7,Subscription analytical outlet; reporting and long reads.
Europe,Hungary,General,24.hu,https://24.hu,HU,News portal,Independent,Website,,no,4,3,5,4,3,4,2,3.6,High-traffic independent news portal.
Europe,Hungary,General,Szabad Európa (RFE/RL),https://www.szabadeuropa.hu,HU,News (RFE/RL),Independent (external),Website,,no,4,4,4,5,4,4,3,4.0,RFE/RL's relaunched Hungarian service; politics and accountability reporting.
Europe,Hungary,General,Lakmusz,https://lakmusz.hu,HU,Fact-checking,Independent,Website,,no,5,4,4,5,5,4,3,4.3,Fact-checking project in the Átlátszó network.
Europe,Hungary,General,Magyar Narancs,https://magyarnarancs.hu,HU,Weekly,Independent,Website,,no,4,3,3,4,4,4,4,3.7,"Liberal weekly; politics, culture, and criticism."
Europe,Hungary,General,Qubit,https://qubit.hu,HU,Science journalism,Independent,Website,,no,4,4,3,4,4,4,4,3.9,Science and technology journalism with investigative streaks.
Europe,Hungary,Security,VSquare,https://vsquare.org,EN,Regional investigative (CEE),Independent,Website,,no,5,5,3,5,5,5,4,4.6,Central-European investigative outlet; cross-border security and influence reporting.
Europe,Hungary,Security,Political Capital,https://politicalcapital.hu,HU/EN,Political think tank,Independent,Website,,no,5,4,3,5,4,5,5,4.4,"Think tank on democracy, disinformation, Russian influence, and extremism."
Europe,Hungary,Political,Direkt36,https://www.direkt36.hu,HU/EN,Investigative,Independent,Website,,no,5,5,3,5,5,4,4,4.4,Premier Hungarian investigative outlet; deep reporting on power and corruption.
Europe,Hungary,Political,Átlátszó,https://atlatszo.hu,HU/EN,Investigative / transparency,Independent,Website,,no,5,5,3,5,5,4,4,4.4,FOIA-driven transparency investigations into public spending; runs data projects.
Europe,Hungary,Political,Transparency International Hungary,https://transparency.hu,HU/EN,Anti-corruption NGO,Independent,Website,,no,5,4,3,5,4,4,4,4.1,TI chapter; corruption analysis and integrity monitoring.
Europe,Hungary,Political,K-Monitor,https://k-monitor.hu,HU/EN,Anti-corruption data,Independent,Website,,yes,4,5,3,5,5,4,3,4.1,Public-spending and corruption database and news archive.
Europe,Hungary,Political,Republikon Institute,https://republikon.hu,HU,Think tank / pollster,Independent,Website,,yes,4,4,3,4,4,4,4,3.9,Liberal think tank with regular political polling and analysis.
Europe,Hungary,Political,Policy Solutions,https://www.policysolutions.hu,HU/EN,Progressive think tank,Independent,Website,,no,4,4,3,4,4,4,4,3.9,Progressive research institute; political analysis and surveys.
Europe,Hungary,Political,Parliament (Országgyűlés),https://www.parlament.hu,HU/EN,Legislature (official),State / official,Website,,yes,4,3,4,3,4,3,1,3.1,"Official parliamentary record: bills, votes, MPs."
Europe,Hungary,Political,Government of Hungary,https://kormany.hu,HU/EN,Government (official),State / official,Website,,no,3,3,4,2,4,4,1,3.0,Official government communications and decisions.
Europe,Hungary,Political,Magyar Nemzet,https://magyarnemzet.hu,HU,Pro-government daily,Pro-government,Website,,no,2,3,5,2,2,4,2,2.9,Leading pro-Orbán daily; a barometer of the government's messaging.
Europe,Hungary,Political,Origo,https://www.origo.hu,HU,Pro-government portal,Pro-government,Website,,no,2,3,5,2,2,5,2,3.0,High-traffic pro-government news portal.
Europe,Hungary,Political,Mandiner,https://mandiner.hu,HU,Pro-government conservative,Pro-government,Website,,no,3,3,4,2,3,4,3,3.1,Conservative pro-government weekly and site.
Europe,Hungary,Political,Index,https://index.hu,HU,News portal (post-2020),Pro-government,Website,,no,3,3,5,2,3,5,2,3.3,Once-dominant portal; independence collapsed after its 2020 editorial purge.
Europe,Hungary,Political,Hírado (public media),https://hirado.hu,HU,State public media,State media,Website,,no,2,2,5,2,3,5,1,2.9,State public-media news; reflects the official line.
Europe,Hungary,Political,Nézőpont Institute,https://nezopontintezet.hu,HU,Pro-gov pollster,Pro-government,Website,,yes,3,3,4,2,4,4,2,3.1,Pro-government pollster; read against independent surveys.
Europe,Hungary,Economic,Portfolio,https://www.portfolio.hu,HU/EN,Business / economy,Independent,Website,,no,5,3,5,4,4,4,4,4.1,Leading business-and-markets outlet; strong data and English coverage.
Europe,Hungary,Economic,G7,https://g7.hu,HU,Economic analysis,Independent,Website,,no,4,4,3,4,4,4,4,3.9,Explanatory economic journalism.
Europe,Hungary,Economic,Central Statistical Office (KSH),https://www.ksh.hu,HU/EN,Official statistics,State / official,Website,,yes,4,3,3,4,5,4,1,3.4,National statistics office; comprehensive data with English portal.
Europe,Hungary,Economic,Magyar Nemzeti Bank (MNB),https://www.mnb.hu,HU/EN,Central bank,State / official,Website,,yes,4,3,4,3,5,4,2,3.6,Central bank; monetary and financial-stability data and reports.
Europe,Hungary,Societal,Médián,https://median.hu,HU,Pollster,Independent,Website,,yes,4,4,3,4,4,3,2,3.4,Independent pollster with a long track record on Hungarian public opinion.
Europe,Bulgaria,General,Capital,https://www.capital.bg,BG,Business / politics weekly,Independent,Website,,no,5,4,4,4,4,3,4,4.0,Leading independent business-and-politics weekly (Economedia).
Europe,Bulgaria,General,Dnevnik,https://www.dnevnik.bg,BG,Independent daily,Independent,Website,,no,4,3,5,4,4,4,3,3.9,Independent daily from the Economedia group.
Europe,Bulgaria,General,Mediapool,https://www.mediapool.bg,BG,News / analysis portal,Independent,Website,,no,4,3,5,4,4,4,3,3.9,Independent online news portal; politics and governance.
Europe,Bulgaria,General,Svobodna Evropa (RFE/RL),https://www.svobodnaevropa.bg,BG,News (RFE/RL),Independent (external),Website,,no,4,4,4,5,4,4,3,4.0,RFE/RL Bulgarian service (service winding down in 2026; archive valuable).
Europe,Bulgaria,General,Toest,https://toest.bg,BG,Independent weekly,Independent,Website,,no,4,4,3,4,4,4,4,3.9,Reader-supported independent weekly; analysis and commentary.
Europe,Bulgaria,General,Club Z,https://clubz.bg,BG,News / analysis,Independent,Website,,no,4,3,4,4,3,4,3,3.6,Independent news-and-analysis site.
Europe,Bulgaria,General,Sega,https://www.segabg.com,BG,Daily,Independent,Website,,no,3,3,4,3,3,4,3,3.3,Independent daily newspaper and site.
Europe,Bulgaria,General,OFFNews,https://offnews.bg,BG,News / analysis,Independent,Website,,no,3,3,5,3,3,4,2,3.3,Independent news portal.
Europe,Bulgaria,General,Novinite (Sofia News Agency),https://www.novinite.com,EN,English-language news,Independent,Website,,no,3,3,5,3,3,5,2,3.4,"English-language Bulgarian news, useful entry point for non-Bulgarian readers."
Europe,Bulgaria,General,The Sofia Globe,https://sofiaglobe.com,EN,English-language news,Independent,Website,,no,4,3,4,4,3,5,3,3.7,Independent English-language coverage of Bulgaria and the region.
Europe,Bulgaria,General,factcheck.bg,https://factcheck.bg,BG,Fact-checking,Independent,Website,,no,5,4,4,5,5,4,3,4.3,Bulgarian fact-checking outlet (Association of European Journalists).
Europe,Bulgaria,General,Fakti,https://fakti.bg,BG,News portal (pro-Russia lean),Pro-Russia,Website,,no,2,3,5,2,2,4,2,2.9,High-traffic portal often amplifying pro-Kremlin framing; included for narrative tracking.
Europe,Bulgaria,General,BTA,https://www.bta.bg,BG/EN,State news agency,State / official,Website,,no,4,3,5,3,4,4,1,3.4,"Bulgarian Telegraph Agency; official state wire, multilingual."
Europe,Bulgaria,General,BNR,https://bnr.bg,BG/EN,Public radio,Public broadcaster,Website,,no,4,3,5,4,4,4,2,3.7,Bulgarian National Radio; public-service news.
Europe,Bulgaria,General,BNT,https://bntnews.bg,BG,Public TV,Public broadcaster,Website,,no,4,3,5,4,4,4,2,3.7,Bulgarian National Television; public-service broadcaster.
Europe,Bulgaria,Security,Bivol,https://bivol.bg,BG/EN,Investigative (OCCRP),Independent,Website,,no,5,5,3,4,5,4,4,4.3,OCCRP-affiliated investigative outlet exposing corruption and organized crime.
Europe,Bulgaria,Security,Balkan Insight (BIRN),https://balkaninsight.com,EN,Regional investigative,Independent (external),Website,,no,5,4,3,5,5,5,4,4.4,BIRN's regional platform; rigorous Balkans investigations and analysis.
Europe,Bulgaria,Political,Center for the Study of Democracy (CSD),https://csd.bg,BG/EN,Think tank (governance/corruption),Independent,Website,,no,5,5,3,5,4,4,5,4.4,"Premier think tank on corruption, state capture, and Russian economic influence."
Europe,Bulgaria,Political,Anti-Corruption Fund (ACF),https://acf.bg,BG/EN,Anti-corruption investigations,Independent,Website,,no,5,5,3,5,4,4,4,4.3,Independent watchdog investigating high-level corruption.
Europe,Bulgaria,Political,Center for Liberal Strategies (CLS),https://cls-sofia.org,BG/EN,Political think tank,Independent,Website,,no,4,4,3,4,4,3,5,3.9,Ivan Krastev's institute; political analysis with international reach.
Europe,Bulgaria,Political,Parliament (Narodno Sabranie),https://www.parliament.bg,BG/EN,Legislature (official),State / official,Website,,yes,4,3,4,3,4,3,1,3.1,Official parliamentary record of bills and votes.
Europe,Bulgaria,Economic,Institute for Market Economics (IME),https://ime.bg,BG/EN,Economic think tank,Independent,Website,,yes,4,4,3,4,4,4,4,3.9,Bulgaria's oldest market-economics think tank; 'Regional Profiles' data project.
Europe,Bulgaria,Economic,National Statistical Institute (NSI),https://www.nsi.bg,BG/EN,Official statistics,State / official,Website,,yes,4,3,3,4,5,4,1,3.4,National statistics office; comprehensive data with English portal.
Europe,Bulgaria,Economic,Bulgarian National Bank (BNB),https://www.bnb.bg,BG/EN,Central bank,State / official,Website,,yes,4,3,4,4,5,4,2,3.7,"Central bank; monetary, banking, and external-sector statistics."
Europe,Bulgaria,Societal,Alpha Research,https://alpharesearch.bg,BG/EN,Pollster,Independent,Website,,yes,4,4,3,4,4,4,3,3.7,Independent polling agency; political and social surveys.
Europe,Bulgaria,Political,Central Election Commission (Bulgaria),https://www.cik.bg,BG,Official election results,State / official,Website,,yes,3,3,4,2,4,3,1,2.9,Official election returns and turnout data for Bulgaria.
Europe,Germany,General,Der Spiegel,https://www.spiegel.de,DE/EN,News magazine / investigative,Independent,Website,,no,5,4,5,4,4,4,4,4.3,Flagship weekly and news site; strong investigations and a growing English edition.
Europe,Germany,General,Süddeutsche Zeitung,https://www.sueddeutsche.de,DE,Daily newspaper,Independent,Website,,no,5,4,5,4,4,4,3,4.1,Leading national daily; co-broke Panama Papers via its investigative desk.
Europe,Germany,General,Frankfurter Allgemeine (FAZ),https://www.faz.net,DE,Daily newspaper,Independent,Website,,no,4,3,5,4,4,4,4,4.0,Center-right paper of record; strong economics and politics.
Europe,Germany,General,Die Zeit,https://www.zeit.de,DE,Weekly newspaper,Independent,Website,,no,4,3,4,4,4,4,4,3.9,Influential weekly; long-form analysis and debate.
Europe,Germany,General,taz,https://taz.de,DE,Daily (left),Independent,Website,,no,4,3,5,4,4,4,3,3.9,Cooperative left-leaning daily.
Europe,Germany,General,Tagesschau (ARD),https://www.tagesschau.de,DE,Public broadcaster,Public broadcaster,Website,,no,5,3,5,4,4,5,3,4.1,ARD's flagship news; the most-trusted German news brand.
Europe,Germany,General,ZDF heute,https://www.zdf.de/nachrichten,DE,Public broadcaster,Public broadcaster,Website,,no,5,3,5,4,4,5,3,4.1,Second public broadcaster's news service.
Europe,Germany,General,Deutsche Welle,https://www.dw.com,DE/EN,International broadcaster,Public broadcaster,Website,,no,4,3,5,4,4,5,3,4.0,Germany's international broadcaster; multilingual.
Europe,Germany,General,Correctiv,https://correctiv.org,DE/EN,Investigative nonprofit,Independent,Website,,no,5,5,3,5,5,4,4,4.4,Nonprofit investigative newsroom; broke the 2024 'remigration' meeting story.
Europe,Germany,General,Bild,https://www.bild.de,DE,Tabloid,Establishment,Website,,no,2,3,5,2,2,5,1,2.9,"Mass-market tabloid; high reach, populist framing — a barometer, not a record."
Europe,Germany,Security,SWP (Stiftung Wissenschaft und Politik),https://www.swp-berlin.org,DE/EN,Foreign/security think tank,Independent,Website,,no,5,4,3,5,4,5,5,4.4,Government-advising institute; rigorous foreign and security analysis.
Europe,Germany,Security,DGAP (German Council on Foreign Relations),https://dgap.org,DE/EN,Foreign-policy think tank,Independent,Website,,no,5,4,3,5,4,5,5,4.4,Membership think tank; foreign and security policy.
Europe,Germany,Security,Kiel Institute (IfW),https://www.kielinstitut.de,DE/EN,Economics institute (Ukraine tracker),Independent,Website,,yes,5,5,4,5,5,5,5,4.9,Runs the Ukraine Support Tracker quantifying military/financial aid by country.
Europe,Germany,Economic,Deutsche Bundesbank,https://www.bundesbank.de,DE/EN,Central bank,State / official,Website,,yes,5,3,4,4,5,4,2,3.9,"Central bank; monetary and financial statistics, English portal."
Europe,Germany,Economic,Destatis (Federal Statistical Office),https://www.destatis.de,DE/EN,Official statistics,State / official,Website,,yes,4,3,3,4,5,4,1,3.4,Federal statistics office; comprehensive data with English site.
Europe,Germany,Economic,Handelsblatt,https://www.handelsblatt.com,DE,Business daily,Independent,Website,,no,5,3,5,4,4,4,4,4.1,Leading business-and-finance daily.
Europe,Germany,Economic,ifo Institute,https://www.ifo.de,DE/EN,Economic research (Business Climate Index),Independent,Website,,yes,5,4,4,5,4,5,5,4.6,Munich institute; the ifo Business Climate Index is a bellwether indicator.
Europe,Germany,Political,Deutscher Bundestag,https://www.bundestag.de,DE/EN,Legislature (official),State / official,Website,,yes,4,3,4,3,4,3,1,3.1,"Official record of bills, debates, and members."
Europe,Germany,Political,abgeordnetenwatch,https://www.abgeordnetenwatch.de,DE,Parliamentary monitoring,Independent,Website,,yes,4,4,4,5,5,4,2,4.0,"Tracks MP voting, questions, and outside income; public-accountability data."
Europe,Germany,Political,Netzpolitik.org,https://netzpolitik.org,DE,Digital-rights media,Independent,Website,,no,4,4,4,5,4,4,4,4.1,Digital-rights and surveillance reporting.
Europe,Germany,Societal,Infratest dimap,https://www.infratest-dimap.de,DE,Pollster,Independent,Website,,yes,4,4,4,4,4,4,2,3.7,Major pollster; ARD's 'DeutschlandTrend' surveys.
Europe,Germany,Societal,Bertelsmann Stiftung,https://www.bertelsmann-stiftung.de,DE/EN,Research foundation,Independent,Website,,no,4,4,3,4,4,5,4,4.0,"Foundation producing social, economic, and governance research."
Europe,France,General,Le Monde,https://www.lemonde.fr,FR/EN,Daily newspaper,Independent,Website,,no,5,4,5,4,4,4,4,4.3,"Paper of record; 'Les Décodeurs' fact-checking, English edition."
Europe,France,General,Le Figaro,https://www.lefigaro.fr,FR,Daily newspaper,Independent,Website,,no,4,3,5,4,4,4,3,3.9,Center-right national daily.
Europe,France,General,Libération,https://www.liberation.fr,FR,Daily newspaper,Independent,Website,,no,4,3,5,4,4,4,3,3.9,Left-leaning national daily; 'CheckNews' desk.
Europe,France,General,Franceinfo,https://www.francetvinfo.fr,FR,Public broadcaster,Public broadcaster,Website,,no,4,3,5,4,4,5,2,3.9,Public-service rolling news.
Europe,France,General,France 24,https://www.france24.com,FR/EN,International broadcaster,Public broadcaster,Website,,no,4,3,5,4,4,5,3,4.0,France's international broadcaster; multilingual.
Europe,France,General,RFI,https://www.rfi.fr,FR,International radio,Public broadcaster,Website,,no,4,3,5,4,4,5,3,4.0,Radio France Internationale; strong Africa and world coverage.
Europe,France,General,Le Point,https://www.lepoint.fr,FR,News weekly,Independent,Website,,no,4,3,4,4,3,4,3,3.6,Center-right news weekly.
Europe,France,General,Mediapart,https://www.mediapart.fr,FR,Investigative (subscriber),Independent,Website,,no,5,5,4,4,5,3,4,4.3,Subscriber-funded investigative outlet; major political scoops.
Europe,France,Security,IFRI,https://www.ifri.org,FR/EN,Foreign-policy think tank,Independent,Website,,no,5,4,3,5,4,5,5,4.4,France's leading international-affairs institute.
Europe,France,Security,IRIS,https://www.iris-france.org,FR/EN,Strategic-affairs think tank,Independent,Website,,no,4,4,3,4,4,5,5,4.1,Institute for international and strategic affairs.
Europe,France,Security,FRS (Fondation recherche stratégique),https://www.frstrategie.org,FR/EN,Defense think tank,State-aligned,Website,,no,4,3,3,3,4,4,4,3.6,Defense-focused institute closely linked to the ministry.
Europe,France,Economic,Banque de France,https://www.banque-france.fr,FR/EN,Central bank,State / official,Website,,yes,5,3,4,4,5,4,2,3.9,Central bank; monetary and business-survey data.
Europe,France,Economic,INSEE,https://www.insee.fr,FR/EN,Official statistics,State / official,Website,,yes,4,3,3,4,5,4,1,3.4,National statistics and economic-studies institute.
Europe,France,Economic,Les Échos,https://www.lesechos.fr,FR,Business daily,Independent,Website,,no,5,3,5,4,4,4,4,4.1,Leading business-and-finance daily.
Europe,France,Political,Assemblée nationale,https://www.assemblee-nationale.fr,FR,Legislature (official),State / official,Website,,yes,4,3,4,3,4,3,1,3.1,Official record of the lower house.
Europe,France,Political,AFP Factuel,https://factuel.afp.com,FR,Fact-checking (AFP),Independent,Website,,no,5,4,4,5,5,4,3,4.3,AFP's fact-checking service.
Europe,France,Political,Disclose,https://disclose.ngo,FR,Investigative nonprofit,Independent,Website,,no,5,5,3,5,5,4,4,4.4,"Nonprofit investigating arms exports, surveillance, and environment."
Europe,France,Societal,IFOP,https://www.ifop.com,FR,Pollster,Independent,Website,,yes,4,4,3,4,4,4,2,3.6,Long-established polling institute.
Europe,France,Societal,Reporterre,https://reporterre.net,FR,Environmental media,Independent,Website,,no,4,4,4,4,4,4,3,3.9,Independent environment-and-ecology daily.
Europe,United Kingdom,General,BBC News,https://www.bbc.com/news,EN,Public broadcaster,Public broadcaster,Website,,no,5,3,5,4,4,5,3,4.1,World's largest public broadcaster; global newsgathering.
Europe,United Kingdom,General,The Guardian,https://www.theguardian.com,EN,Daily newspaper,Independent,Website,,no,5,4,5,4,4,5,3,4.3,Trust-owned daily; strong investigations and open access.
Europe,United Kingdom,General,The Times,https://www.thetimes.co.uk,EN,Daily newspaper,Independent,Website,,no,4,3,5,4,4,3,3,3.7,Paper of record; center-right.
Europe,United Kingdom,General,Financial Times,https://www.ft.com,EN,Business daily,Independent,Website,,no,5,4,5,4,4,3,4,4.1,Global business-and-markets authority.
Europe,United Kingdom,General,The Economist,https://www.economist.com,EN,News weekly,Independent,Website,,no,5,4,4,4,4,3,5,4.1,Global affairs and economics weekly.
Europe,United Kingdom,General,Reuters,https://www.reuters.com,EN,Wire agency,Independent,Website,,no,5,3,5,4,4,5,2,4.0,Global news agency; speed and reliability.
Europe,United Kingdom,General,openDemocracy,https://www.opendemocracy.net,EN,Investigative / analysis,Independent,Website,,no,4,4,3,5,4,5,4,4.1,Nonprofit investigations and global-affairs analysis.
Europe,United Kingdom,General,Bureau of Investigative Journalism,https://www.thebureauinvestigates.com,EN,Investigative nonprofit,Independent,Website,,no,5,5,3,5,5,5,4,4.6,London nonprofit; deep public-interest investigations.
Europe,United Kingdom,Security,Chatham House,https://www.chathamhouse.org,EN,International-affairs think tank,Independent,Website,,no,5,4,3,5,4,5,5,4.4,Royal Institute of International Affairs; global policy analysis.
Europe,United Kingdom,Security,IISS,https://www.iiss.org,EN,Defence think tank,Independent,Website,,no,5,4,3,5,4,4,5,4.3,Defence-and-security institute; publishes The Military Balance.
Europe,United Kingdom,Security,Declassified UK,https://www.declassifieduk.org,EN,Investigative (foreign policy),Independent,Website,,no,4,5,3,4,4,4,4,4.0,Investigations into UK military and intelligence activity abroad.
Europe,United Kingdom,Economic,Bank of England,https://www.bankofengland.co.uk,EN,Central bank,State / official,Website,,yes,5,3,4,4,5,4,2,3.9,Central bank; monetary data and financial-stability reporting.
Europe,United Kingdom,Economic,Office for National Statistics (ONS),https://www.ons.gov.uk,EN,Official statistics,State / official,Website,,yes,4,3,3,4,5,4,1,3.4,National statistics office.
Europe,United Kingdom,Economic,Institute for Fiscal Studies (IFS),https://ifs.org.uk,EN,Economic research institute,Independent,Website,,no,5,4,3,5,5,5,5,4.6,Authoritative independent analysis of tax and public finances.
Europe,United Kingdom,Political,UK Parliament,https://www.parliament.uk,EN,Legislature (official),State / official,Website,,yes,4,3,4,3,5,4,1,3.4,Official record incl. Hansard debates and bill tracking.
Europe,United Kingdom,Political,TheyWorkForYou,https://www.theyworkforyou.com,EN,Parliamentary monitoring,Independent,Website,,yes,4,4,4,5,5,5,2,4.1,mySociety site making MPs' votes and speeches searchable.
Europe,United Kingdom,Political,Full Fact,https://fullfact.org,EN,Fact-checking charity,Independent,Website,,no,5,4,4,5,5,5,3,4.4,UK's independent fact-checking charity.
Europe,United Kingdom,Societal,YouGov,https://yougov.co.uk,EN,Pollster,Independent,Website,,yes,4,4,4,4,4,4,2,3.7,Major pollster with an open data-and-tracker platform.
Europe,United Kingdom,Societal,Electoral Commission,https://www.electoralcommission.org.uk,EN,Elections regulator (data),State / official,Website,,yes,4,4,3,5,5,4,1,3.7,Official party-and-campaign finance and election data.
Europe,Italy,General,Corriere della Sera,https://www.corriere.it,IT,Daily newspaper,Independent,Website,,no,5,3,5,4,4,4,3,4.0,Italy's largest and paper of record.
Europe,Italy,General,la Repubblica,https://www.repubblica.it,IT,Daily newspaper,Independent,Website,,no,4,3,5,4,4,4,3,3.9,Major center-left national daily.
Europe,Italy,General,La Stampa,https://www.lastampa.it,IT,Daily newspaper,Independent,Website,,no,4,3,5,4,4,4,3,3.9,Turin-based national daily.
Europe,Italy,General,Il Post,https://www.ilpost.it,IT,Independent explainer,Independent,Website,,no,5,4,5,5,4,4,4,4.4,Reader-funded outlet known for clarity and fact-checking.
Europe,Italy,General,Domani,https://www.editorialedomani.it,IT,Daily (investigative),Independent,Website,,no,4,4,4,4,4,4,4,4.0,Progressive daily with an investigative bent.
Europe,Italy,General,ANSA,https://www.ansa.it,IT/EN,Wire agency,Independent,Website,,no,4,3,5,4,4,5,2,3.9,Italy's main news agency.
Europe,Italy,General,RaiNews,https://www.rainews.it,IT,Public broadcaster,Public broadcaster,Website,,no,4,3,5,4,4,5,2,3.9,Public broadcaster's rolling news.
Europe,Italy,General,Internazionale,https://www.internazionale.it,IT,Weekly (world press),Independent,Website,,no,4,3,3,4,4,4,4,3.7,Weekly curating and translating the international press.
Europe,Italy,Security,ISPI,https://www.ispionline.it,IT/EN,International-affairs think tank,Independent,Website,,no,5,4,3,5,4,5,5,4.4,Leading Italian institute for international studies.
Europe,Italy,Security,IAI (Istituto Affari Internazionali),https://www.iai.it,IT/EN,Foreign-policy think tank,Independent,Website,,no,5,4,3,5,4,5,5,4.4,Foreign-policy and security research institute.
Europe,Italy,Economic,Banca d'Italia,https://www.bancaditalia.it,IT/EN,Central bank,State / official,Website,,yes,5,3,4,4,5,4,2,3.9,"Central bank; monetary and financial data, English portal."
Europe,Italy,Economic,ISTAT,https://www.istat.it,IT/EN,Official statistics,State / official,Website,,yes,4,3,3,4,5,4,1,3.4,National statistics institute.
Europe,Italy,Economic,Il Sole 24 Ore,https://www.ilsole24ore.com,IT,Business daily,Independent,Website,,no,5,3,5,4,4,4,4,4.1,Leading business-and-finance daily.
Europe,Italy,Political,Camera dei Deputati,https://www.camera.it,IT,Legislature (official),State / official,Website,,yes,4,3,4,3,4,3,1,3.1,Official record of the lower house.
Europe,Italy,Political,Pagella Politica,https://pagellapolitica.it,IT,Fact-checking,Independent,Website,,no,5,4,4,5,5,4,3,4.3,Fact-checks politicians' statements; nonpartisan.
Europe,Italy,Political,IRPIMedia,https://irpimedia.org,IT,Investigative nonprofit,Independent,Website,,no,5,5,3,5,5,4,4,4.4,Investigative Reporting Project Italy; cross-border investigations.
Europe,Italy,Societal,YouTrend,https://www.youtrend.it,IT,Polling aggregation / analysis,Independent,Website,,yes,4,4,4,4,4,4,3,3.9,Polling analysis and the Supermedia poll average.
Europe,Spain,General,El País,https://elpais.com,ES/EN,Daily newspaper,Independent,Website,,no,5,3,5,4,4,4,3,4.0,Spain's largest daily; English edition.
Europe,Spain,General,El Mundo,https://www.elmundo.es,ES,Daily newspaper,Independent,Website,,no,4,3,5,4,4,4,3,3.9,Major national daily; strong on investigations.
Europe,Spain,General,La Vanguardia,https://www.lavanguardia.com,ES,Daily newspaper,Independent,Website,,no,4,3,5,4,4,4,3,3.9,Barcelona-based national daily.
Europe,Spain,General,elDiario.es,https://www.eldiario.es,ES,Independent daily,Independent,Website,,no,5,4,5,5,4,4,3,4.3,Member-funded independent daily; investigations and politics.
Europe,Spain,General,El Confidencial,https://www.elconfidencial.com,ES,Business / investigative,Independent,Website,,no,5,4,5,4,5,4,4,4.4,Digital-native outlet strong on investigations and finance.
Europe,Spain,General,infoLibre,https://www.infolibre.es,ES,Independent daily,Independent,Website,,no,4,4,4,5,4,4,3,4.0,Member-supported investigative daily.
Europe,Spain,General,RTVE,https://www.rtve.es,ES,Public broadcaster,Public broadcaster,Website,,no,4,3,5,4,4,5,2,3.9,Public broadcaster's news service.
Europe,Spain,General,EFE,https://www.efe.com,ES/EN,Wire agency,Independent,Website,,no,4,3,5,4,4,5,2,3.9,Leading Spanish-language news agency.
Europe,Spain,Security,Real Instituto Elcano,https://www.realinstitutoelcano.org,ES/EN,International-affairs think tank,Independent,Website,,no,5,4,3,5,4,5,5,4.4,Spain's premier international-relations institute.
Europe,Spain,Security,CIDOB,https://www.cidob.org,ES/EN,International-affairs think tank,Independent,Website,,no,5,4,3,5,4,5,5,4.4,Barcelona Centre for International Affairs.
Europe,Spain,Economic,Banco de España,https://www.bde.es,ES/EN,Central bank,State / official,Website,,yes,5,3,4,4,5,4,2,3.9,Central bank; monetary and banking statistics.
Europe,Spain,Economic,INE (Statistics),https://www.ine.es,ES/EN,Official statistics,State / official,Website,,yes,4,3,3,4,5,4,1,3.4,National statistics institute.
Europe,Spain,Political,Congreso de los Diputados,https://www.congreso.es,ES,Legislature (official),State / official,Website,,yes,4,3,4,3,4,3,1,3.1,Official record of the lower house.
Europe,Spain,Political,Maldita.es,https://maldita.es,ES,Fact-checking / data,Independent,Website,,yes,5,4,4,5,5,4,3,4.3,Fact-checking nonprofit with open data and disinformation tracking.
Europe,Spain,Political,Newtral,https://www.newtral.es,ES,Fact-checking,Independent,Website,,no,5,4,4,5,5,4,3,4.3,Fact-checking and data-journalism outlet.
Europe,Spain,Political,Civio,https://civio.es,ES,Transparency / data journalism,Independent,Website,,yes,5,5,3,5,5,4,3,4.3,Nonprofit using public data to hold institutions to account.
Europe,Spain,Societal,CIS,https://www.cis.es,ES,Public pollster (official),State / official,Website,,yes,4,4,3,4,5,4,2,3.7,State sociological-research centre; large regular barometer surveys.
Europe,Poland,General,Gazeta Wyborcza,https://wyborcza.pl,PL,Daily newspaper,Independent,Website,,no,5,4,5,4,4,3,3,4.0,Leading liberal daily; investigations and politics.
Europe,Poland,General,Onet,https://www.onet.pl,PL,News portal,Independent,Website,,no,4,3,5,4,3,4,2,3.6,Largest Polish news portal.
Europe,Poland,General,Polityka,https://www.polityka.pl,PL,News weekly,Independent,Website,,no,4,3,4,4,4,4,4,3.9,Long-running center-left weekly.
Europe,Poland,General,OKO.press,https://oko.press,PL,Investigative / fact-check,Independent,Website,,no,5,5,4,5,5,4,4,4.6,Nonprofit investigative and fact-checking outlet.
Europe,Poland,General,TVN24,https://tvn24.pl,PL,Broadcaster (news),Independent,Website,,no,4,3,5,4,4,4,2,3.7,Leading commercial news broadcaster.
Europe,Poland,General,Notes from Poland,https://notesfrompoland.com,EN,English-language news,Independent,Website,,no,4,4,4,4,4,5,3,4.0,English-language news and analysis on Poland.
Europe,Poland,General,Rzeczpospolita,https://www.rp.pl,PL,Daily (business/law),Independent,Website,,no,4,3,5,4,4,4,3,3.9,Center-right daily strong on law and economy.
Europe,Poland,Security,PISM,https://www.pism.pl,PL/EN,Foreign-policy institute,State-aligned,Website,,no,4,4,3,4,4,5,5,4.1,Polish Institute of International Affairs; MFA-linked.
Europe,Poland,Security,OSW (Centre for Eastern Studies),https://www.osw.waw.pl,PL/EN,Regional-studies think tank,State-aligned,Website,,no,5,5,3,5,4,5,5,4.6,"Government think tank; outstanding on Russia, Ukraine, and the region."
Europe,Poland,Economic,National Bank of Poland (NBP),https://nbp.pl,PL/EN,Central bank,State / official,Website,,yes,5,3,4,4,5,4,2,3.9,Central bank; monetary and FX data.
Europe,Poland,Economic,Statistics Poland (GUS),https://stat.gov.pl,PL/EN,Official statistics,State / official,Website,,yes,4,3,3,4,5,4,1,3.4,National statistics office.
Europe,Poland,Political,Sejm,https://www.sejm.gov.pl,PL,Legislature (official),State / official,Website,,yes,4,3,4,3,4,3,1,3.1,Official record of the lower house.
Europe,Poland,Political,Demagog,https://demagog.org.pl,PL,Fact-checking,Independent,Website,,no,5,4,4,5,5,4,3,4.3,Poland's oldest fact-checking organization.
Europe,Poland,Political,FRONTSTORY.pl,https://frontstory.pl,PL/EN,Investigative nonprofit,Independent,Website,,no,5,5,3,5,5,4,4,4.4,"Investigative outlet (Fundacja Reporterów), cross-border work."
Europe,Poland,Political,wPolityce,https://wpolityce.pl,PL,Right-wing / pro-PiS,Pro-government,Website,,no,2,3,5,2,2,4,2,2.9,Right-wing outlet aligned with the PiS camp; useful for that bloc's framing.
Europe,Poland,Societal,CBOS,https://www.cbos.pl,PL,Public pollster,State / official,Website,,yes,4,4,3,4,5,4,2,3.7,Public opinion research centre; long-run survey series.
Europe,Romania,General,Digi24,https://www.digi24.ro,RO,Broadcaster (news),Independent,Website,,no,4,3,5,4,3,4,2,3.6,Major commercial news channel and site.
Europe,Romania,General,HotNews,https://www.hotnews.ro,RO,News / analysis portal,Independent,Website,,no,4,3,5,4,4,4,3,3.9,Established independent news-and-analysis site.
Europe,Romania,General,G4Media,https://www.g4media.ro,RO,Independent news,Independent,Website,,no,5,4,5,4,4,4,3,4.1,Independent outlet founded by veteran journalists; politics and scoops.
Europe,Romania,General,Libertatea,https://www.libertatea.ro,RO,Daily (news/investigations),Independent,Website,,no,4,3,5,4,4,4,3,3.9,Popular daily that has invested in investigations.
Europe,Romania,General,Recorder,https://recorder.ro,RO,Investigative (video),Independent,Website,,no,5,5,3,5,5,4,4,4.4,Reader-funded investigative video journalism.
Europe,Romania,General,PressOne,https://pressone.ro,RO,Long-form / analysis,Independent,Website,,no,4,4,3,4,4,4,4,3.9,Reader-supported long-form and analysis outlet.
Europe,Romania,General,Europa Liberă România,https://romania.europalibera.org,RO,News (RFE/RL),Independent (external),Website,,no,4,4,4,5,4,4,3,4.0,RFE/RL's Romanian service.
Europe,Romania,Security,Expert Forum (EFOR),https://expertforum.ro,RO/EN,Governance think tank,Independent,Website,,no,5,4,3,5,4,4,5,4.3,"Policy institute on governance, elections, and Russian influence."
Europe,Romania,Economic,National Bank of Romania (BNR),https://www.bnr.ro,RO/EN,Central bank,State / official,Website,,yes,5,3,4,4,5,4,2,3.9,Central bank; monetary and financial statistics.
Europe,Romania,Economic,National Institute of Statistics (INS),https://insse.ro,RO/EN,Official statistics,State / official,Website,,yes,4,3,3,4,5,4,1,3.4,National statistics institute.
Europe,Romania,Political,Parliament of Romania,https://www.parlament.ro,RO,Legislature (official),State / official,Website,,yes,4,3,4,3,4,3,1,3.1,Official record of the legislature.
Europe,Romania,Political,RISE Project,https://www.riseproject.ro,RO/EN,Investigative (OCCRP),Independent,Website,,no,5,5,3,5,5,4,4,4.4,Investigations into organized crime and cross-border corruption.
Europe,Romania,Political,Factual,https://www.factual.ro,RO,Fact-checking,Independent,Website,,no,5,4,4,5,5,4,3,4.3,Fact-checks Romanian public figures' statements.
Europe,Romania,Societal,INSCOP Research,https://www.inscop.ro,RO,Pollster,Independent,Website,,yes,4,4,3,4,4,4,2,3.6,Polling agency; regular political and social surveys.
Europe,Netherlands,General,NRC,https://www.nrc.nl,NL,Daily newspaper,Independent,Website,,no,5,3,5,4,4,3,4,4.0,Quality evening paper of record.
Europe,Netherlands,General,de Volkskrant,https://www.volkskrant.nl,NL,Daily newspaper,Independent,Website,,no,4,3,5,4,4,4,3,3.9,Major national daily.
Europe,Netherlands,General,NOS,https://nos.nl,NL,Public broadcaster,Public broadcaster,Website,,no,5,3,5,4,4,5,3,4.1,Public-service news; the most-trusted Dutch news brand.
Europe,Netherlands,General,Trouw,https://www.trouw.nl,NL,Daily newspaper,Independent,Website,,no,4,3,4,4,4,4,3,3.7,"National daily strong on ethics, religion, and environment."
Europe,Netherlands,General,Follow the Money,https://www.ftm.eu,NL/EN,Investigative (subscriber),Independent,Website,,no,5,5,3,5,5,3,4,4.3,Investigative platform focused on finance and power; English section.
Europe,Netherlands,General,De Correspondent,https://decorrespondent.nl,NL,Member-funded analysis,Independent,Website,,no,4,4,3,5,4,4,4,4.0,"Ad-free, member-funded explanatory journalism."
Europe,Netherlands,General,Het Financieele Dagblad (FD),https://fd.nl,NL,Business daily,Independent,Website,,no,5,3,5,4,4,3,4,4.0,Leading business-and-finance daily.
Europe,Netherlands,General,NU.nl,https://www.nu.nl,NL,News portal,Independent,Website,,no,4,3,5,4,3,5,2,3.7,High-traffic news portal.
Europe,Netherlands,Security,Clingendael,https://www.clingendael.org,NL/EN,International-affairs think tank,Independent,Website,,no,5,4,3,5,4,5,5,4.4,Netherlands Institute of International Relations.
Europe,Netherlands,Economic,De Nederlandsche Bank (DNB),https://www.dnb.nl,NL/EN,Central bank,State / official,Website,,yes,5,3,4,4,5,4,2,3.9,Central bank; monetary and financial-sector data.
Europe,Netherlands,Economic,CBS (Statistics Netherlands),https://www.cbs.nl,NL/EN,Official statistics,State / official,Website,,yes,4,3,3,4,5,4,1,3.4,National statistics office with strong open data.
Europe,Netherlands,Economic,CPB (Economic Policy Analysis),https://www.cpb.nl,NL/EN,Economic policy institute,State / official,Website,,no,5,4,3,5,4,5,5,4.4,Government bureau producing independent economic forecasts and costings.
Europe,Netherlands,Political,Tweede Kamer,https://www.tweedekamer.nl,NL,Legislature (official),State / official,Website,,yes,4,3,4,3,4,3,1,3.1,Official record of the House of Representatives.
Europe,Netherlands,Societal,I&O Research,https://www.ioresearch.nl,NL,Pollster,Independent,Website,,yes,4,4,3,4,4,4,2,3.6,Independent research bureau; political and social polling.
Europe,Belgium,General,De Standaard,https://www.standaard.be,NL,Daily newspaper (Flemish),Independent,Website,,no,5,3,5,4,4,3,3,3.9,Leading Flemish quality daily.
Europe,Belgium,General,De Morgen,https://www.demorgen.be,NL,Daily newspaper (Flemish),Independent,Website,,no,4,3,5,4,4,4,3,3.9,Flemish progressive daily.
Europe,Belgium,General,Le Soir,https://www.lesoir.be,FR,Daily newspaper (Francophone),Independent,Website,,no,5,3,5,4,4,3,3,3.9,Leading Francophone daily.
Europe,Belgium,General,La Libre Belgique,https://www.lalibre.be,FR,Daily newspaper (Francophone),Independent,Website,,no,4,3,5,4,4,4,3,3.9,Francophone quality daily.
Europe,Belgium,General,VRT NWS,https://www.vrt.be/vrtnws,NL,Public broadcaster (Flemish),Public broadcaster,Website,,no,5,3,5,4,4,5,3,4.1,Flemish public broadcaster's news.
Europe,Belgium,General,RTBF,https://www.rtbf.be,FR,Public broadcaster (Francophone),Public broadcaster,Website,,no,5,3,5,4,4,5,3,4.1,Francophone public broadcaster.
Europe,Belgium,General,Knack,https://www.knack.be,NL,News weekly (Flemish),Independent,Website,,no,4,3,4,4,4,4,4,3.9,Flemish news weekly with investigations.
Europe,Belgium,General,Apache,https://www.apache.be,NL,Investigative (member-funded),Independent,Website,,no,5,5,3,5,5,4,4,4.4,Reader-funded investigative outlet in Antwerp.
Europe,Belgium,Security,Egmont Institute,https://www.egmontinstitute.be,EN/FR/NL,Foreign-affairs think tank,Independent,Website,,no,5,4,3,5,4,5,5,4.4,Royal Institute for International Relations.
Europe,Belgium,Economic,National Bank of Belgium (NBB),https://www.nbb.be,NL/FR/EN,Central bank,State / official,Website,,yes,5,3,4,4,5,4,2,3.9,Central bank; monetary and company-accounts data.
Europe,Belgium,Economic,Statbel,https://statbel.fgov.be,NL/FR/EN,Official statistics,State / official,Website,,yes,4,3,3,4,5,4,1,3.4,Belgium's statistical office.
Europe,Belgium,Economic,De Tijd,https://www.tijd.be,NL,Business daily (Flemish),Independent,Website,,no,5,3,5,4,4,4,4,4.1,Flemish business-and-finance daily.
Europe,Belgium,Economic,L'Echo,https://www.lecho.be,FR,Business daily (Francophone),Independent,Website,,no,5,3,5,4,4,4,4,4.1,Francophone business daily.
Europe,Belgium,Political,Belgian Federal Parliament,https://www.dekamer.be,NL/FR,Legislature (official),State / official,Website,,yes,4,3,4,3,4,3,1,3.1,Official record of the Chamber of Representatives.
Europe,Belgium,Political,Euractiv,https://www.euractiv.com,EN,EU-policy media,Independent,Website,,no,4,4,4,4,4,4,4,4.0,Brussels-based network covering EU policy in depth.
Europe,Belgium,Political,Politico Europe,https://www.politico.eu,EN,EU-policy media,Independent,Website,,no,4,4,5,4,4,4,3,4.0,Brussels newsroom on EU politics and institutions.
Europe,Czechia,General,Seznam Zprávy,https://www.seznamzpravy.cz,CS,Independent news / investigative,Independent,Website,,no,5,4,5,4,4,4,3,4.1,Popular independent outlet with a strong investigative unit.
Europe,Czechia,General,Deník N,https://denikn.cz,CS,Independent daily,Independent,Website,,no,5,4,4,5,4,4,4,4.3,Subscriber-funded quality daily.
Europe,Czechia,General,Respekt,https://www.respekt.cz,CS,News weekly,Independent,Website,,no,4,4,3,4,4,4,4,3.9,Influential news-and-analysis weekly.
Europe,Czechia,General,iROZHLAS (Czech Radio),https://www.irozhlas.cz,CS,Public broadcaster,Public broadcaster,Website,,no,5,3,5,4,4,5,3,4.1,Czech Radio's news site; strong data journalism.
Europe,Czechia,General,ČT24 (Czech Television),https://ct24.ceskatelevize.cz,CS,Public broadcaster,Public broadcaster,Website,,no,5,3,5,4,4,5,2,4.0,Public TV rolling news.
Europe,Czechia,General,Aktuálně.cz,https://zpravy.aktualne.cz,CS,News portal,Independent,Website,,no,4,3,5,4,4,4,3,3.9,Independent news portal with commentary.
Europe,Czechia,General,investigace.cz,https://www.investigace.cz,CS,Investigative (OCCRP),Independent,Website,,no,5,5,3,5,5,4,4,4.4,Czech Center for Investigative Journalism; OCCRP partner.
Europe,Czechia,Security,AMO (Association for Int'l Affairs),https://www.amo.cz,CS/EN,Foreign-policy think tank,Independent,Website,,no,5,4,3,5,4,5,5,4.4,Leading Czech foreign-policy institute.
Europe,Czechia,Security,European Values Center,https://europeanvalues.cz,CS/EN,Security think tank,Independent,Website,,no,4,4,3,4,4,4,4,3.9,Think tank focused on Russian and Chinese influence and disinformation.
Europe,Czechia,Economic,Czech National Bank (ČNB),https://www.cnb.cz,CS/EN,Central bank,State / official,Website,,yes,5,3,4,4,5,4,2,3.9,Central bank; monetary and financial data.
Europe,Czechia,Economic,Czech Statistical Office (ČSÚ),https://www.czso.cz,CS/EN,Official statistics,State / official,Website,,yes,4,3,3,4,5,4,1,3.4,National statistics office.
Europe,Czechia,Economic,Hospodářské noviny,https://www.hn.cz,CS,Business daily,Independent,Website,,no,5,3,5,4,4,4,4,4.1,Leading business-and-economics daily.
Europe,Czechia,Political,Chamber of Deputies,https://www.psp.cz,CS,Legislature (official),State / official,Website,,yes,4,3,4,3,4,3,1,3.1,Official record of the lower house.
Europe,Czechia,Political,Demagog.cz,https://demagog.cz,CS,Fact-checking,Independent,Website,,no,5,4,4,5,5,4,3,4.3,Fact-checks Czech and Slovak politicians.
Europe,Czechia,Political,Hlídač státu,https://www.hlidacstatu.cz,CS,State-transparency data,Independent,Website,,yes,4,5,4,5,5,4,2,4.1,"Open database of contracts, officials, and public spending."
Europe,Czechia,Societal,CVVM,https://cvvm.soc.cas.cz,CS,Public pollster (academic),State / official,Website,,yes,4,4,3,4,5,4,2,3.7,Academy-of-Sciences public-opinion research centre.
Europe,Czechia,Societal,STEM,https://www.stem.cz,CS,Pollster,Independent,Website,,yes,4,4,3,4,4,4,2,3.6,Independent empirical social-research institute.
South America,Brazil,General,Folha de S.Paulo,https://www.folha.uol.com.br,PT,Daily newspaper,Independent,Website,,no,5,3,5,4,4,4,3,4.0,Brazil's largest quality daily; strong political coverage.
South America,Brazil,General,O Globo,https://oglobo.globo.com,PT,Daily newspaper,Independent,Website,,no,4,3,5,4,4,4,3,3.9,Major Rio-based daily; part of Grupo Globo.
South America,Brazil,General,Estadão,https://www.estadao.com.br,PT,Daily newspaper,Independent,Website,,no,4,3,5,4,4,4,3,3.9,O Estado de S. Paulo; establishment quality daily.
South America,Brazil,General,UOL,https://www.uol.com.br,PT,News portal,Independent,Website,,no,4,3,5,4,4,5,2,3.9,Largest Brazilian news portal; columns and reporting.
South America,Brazil,General,Nexo Jornal,https://www.nexojornal.com.br,PT,Explanatory journalism,Independent,Website,,no,5,4,3,5,4,3,4,4.0,Subscription outlet known for context and data-driven explainers.
South America,Brazil,General,The Intercept Brasil,https://www.intercept.com.br,PT,Investigative,Independent,Website,,no,5,5,3,4,5,4,4,4.3,Investigative outlet; broke the 'Vaza Jato' judiciary leaks.
South America,Brazil,General,Agência Pública,https://apublica.org,PT/EN,Investigative nonprofit,Independent,Website,,no,5,5,3,5,5,4,4,4.4,Brazil's largest nonprofit investigative newsroom.
South America,Brazil,General,Poder360,https://www.poder360.com.br,PT,Politics / data news,Independent,Website,,no,4,4,5,4,4,4,3,4.0,Politics-and-power news site with polling and data coverage.
South America,Brazil,Security,Fórum Brasileiro de Segurança Pública,https://forumseguranca.org.br,PT,Public-security data / NGO,Independent,Website,,yes,5,5,3,5,5,4,4,4.4,Produces the Anuário — the reference dataset on violence and policing in Brazil.
South America,Brazil,Security,Instituto Igarapé,https://igarape.org.br,PT/EN,Security think tank,Independent,Website,,no,5,4,3,5,4,5,5,4.4,"Think tank on public security, climate, and digital rights."
South America,Brazil,Economic,Banco Central do Brasil,https://www.bcb.gov.br,PT/EN,Central bank,State / official,Website,,yes,5,3,4,4,5,4,2,3.9,"Central bank; monetary, credit, and FX data with English portal."
South America,Brazil,Economic,IBGE,https://www.ibge.gov.br,PT/EN,Official statistics,State / official,Website,,yes,4,3,3,4,5,4,1,3.4,National statistics and geography institute; census and PNAD data.
South America,Brazil,Economic,Valor Econômico,https://valor.globo.com,PT,Business daily,Independent,Website,,no,5,3,5,4,4,3,4,4.0,Leading business-and-finance daily.
South America,Brazil,Political,Câmara dos Deputados,https://www.camara.leg.br,PT,Legislature (official),State / official,Website,,yes,4,3,4,3,5,4,1,3.4,Official record of the lower house; strong open-data portal.
South America,Brazil,Political,Aos Fatos,https://www.aosfatos.org,PT,Fact-checking,Independent,Website,,no,5,4,4,5,5,4,3,4.3,Fact-checking agency monitoring politicians and disinformation.
South America,Brazil,Political,Transparência Brasil,https://www.transparencia.org.br,PT,Anti-corruption / data,Independent,Website,,yes,5,4,3,5,5,4,3,4.1,Watchdog producing transparency and public-integrity data tools.
South America,Brazil,Societal,Datafolha,https://datafolha.folha.uol.com.br,PT,Pollster,Independent,Website,,yes,4,4,4,4,4,4,2,3.7,Folha's polling institute; leading Brazilian survey series.
South America,Colombia,General,El Tiempo,https://www.eltiempo.com,ES,Daily newspaper,Independent,Website,,no,4,3,5,4,4,4,3,3.9,Colombia's largest daily.
South America,Colombia,General,El Espectador,https://www.elespectador.com,ES,Daily newspaper,Independent,Website,,no,5,3,5,4,4,4,3,4.0,Historic daily; strong investigations and opinion.
South America,Colombia,General,Semana,https://www.semana.com,ES,News weekly,Establishment,Website,,no,3,3,5,3,3,4,3,3.4,Major weekly; editorial line shifted after its 2020 ownership change.
South America,Colombia,General,La Silla Vacía,https://www.lasillavacia.com,ES,Politics / power analysis,Independent,Website,,no,5,5,4,5,4,4,4,4.4,Explains how power works in Colombia; detective and fact-check units.
South America,Colombia,General,Cuestión Pública,https://cuestionpublica.com,ES,Investigative nonprofit,Independent,Website,,no,5,5,3,5,5,4,4,4.4,Data-driven investigations into power and corruption.
South America,Colombia,General,Colombiacheck,https://colombiacheck.com,ES,Fact-checking,Independent,Website,,no,5,4,4,5,5,4,3,4.3,Fact-checking outlet verifying public discourse.
South America,Colombia,Security,InSight Crime,https://insightcrime.org,EN/ES,Organized-crime think tank,Independent (external),Website,,no,5,5,3,5,5,5,5,4.7,Regional authority on organized crime; Medellín/Washington-based.
South America,Colombia,Security,Fundación Ideas para la Paz (FIP),https://www.ideaspaz.org,ES,Conflict / security think tank,Independent,Website,,no,5,4,3,5,4,4,5,4.3,"Think tank on conflict, peace implementation, and security."
South America,Colombia,Security,Rutas del Conflicto,https://rutasdelconflicto.com,ES,Conflict-data journalism,Independent,Website,,yes,5,5,3,5,5,4,3,4.3,Documents massacres and armed-conflict events as an open dataset.
South America,Colombia,Economic,Banco de la República,https://www.banrep.gov.co,ES/EN,Central bank,State / official,Website,,yes,5,3,4,4,5,4,2,3.9,Central bank; monetary and economic data.
South America,Colombia,Economic,DANE,https://www.dane.gov.co,ES,Official statistics,State / official,Website,,yes,4,3,3,4,5,4,1,3.4,National statistics department.
South America,Colombia,Economic,La República (Colombia),https://www.larepublica.co,ES,Business daily,Independent,Website,,no,4,3,5,4,4,4,3,3.9,Colombian business-and-economics daily.
South America,Colombia,Political,Congreso Visible,https://congresovisible.uniandes.edu.co,ES,Legislative monitoring,Independent,Website,,yes,5,5,3,5,5,4,3,4.3,Universidad de los Andes project tracking Congress and voting records.
South America,Colombia,Societal,Dejusticia,https://www.dejusticia.org,ES/EN,Rights / justice think tank,Independent,Website,,no,5,4,3,5,4,4,5,4.3,Legal-and-social-justice think tank; rigorous rights research.
South America,Argentina,General,La Nación,https://www.lanacion.com.ar,ES,Daily newspaper,Independent,Website,,no,4,3,5,4,4,4,3,3.9,Major center-right national daily; strong data journalism unit.
South America,Argentina,General,Clarín,https://www.clarin.com,ES,Daily newspaper,Establishment,Website,,no,3,3,5,3,3,4,3,3.4,Largest-circulation daily; part of the dominant Grupo Clarín.
South America,Argentina,General,Página/12,https://www.pagina12.com.ar,ES,Daily newspaper,Independent,Website,,no,3,3,5,3,3,4,3,3.4,Progressive/Kirchnerist daily; useful for that perspective.
South America,Argentina,General,Infobae,https://www.infobae.com,ES,News portal,Independent,Website,,no,4,3,5,4,3,5,2,3.7,Largest Argentine news portal; broad regional reach.
South America,Argentina,General,elDiarioAR,https://www.eldiarioar.com,ES,Independent daily,Independent,Website,,no,4,4,4,5,4,4,3,4.0,Member-funded independent daily (elDiario.es family).
South America,Argentina,General,Perfil,https://www.perfil.com,ES,News / weekly,Independent,Website,,no,4,3,5,4,4,4,3,3.9,Media group with daily and weekly titles.
South America,Argentina,Economic,Banco Central (BCRA),https://www.bcra.gob.ar,ES/EN,Central bank,State / official,Website,,yes,4,3,4,4,5,4,2,3.7,"Central bank; monetary, FX, and reserves data."
South America,Argentina,Economic,INDEC,https://www.indec.gob.ar,ES,Official statistics,State / official,Website,,yes,4,3,3,4,5,4,1,3.4,National statistics institute; credibility restored after the 2016 reforms.
South America,Argentina,Economic,Ámbito Financiero,https://www.ambito.com,ES,Business daily,Independent,Website,,no,4,3,5,4,4,4,3,3.9,Business-and-markets daily.
South America,Argentina,Political,Chequeado,https://chequeado.com,ES,Fact-checking,Independent,Website,,no,5,4,4,5,5,4,3,4.3,Pioneering Latin American fact-checking organization.
South America,Argentina,Political,CIPPEC,https://www.cippec.org,ES,Public-policy think tank,Independent,Website,,no,5,4,3,5,4,4,5,4.3,"Leading think tank on the state, growth, and equity."
South America,Argentina,Political,Directorio Legislativo,https://directoriolegislativo.org,ES/EN,Legislative transparency,Independent,Website,,yes,5,4,3,5,5,4,3,4.1,Tracks legislatures and open-parliament data across the region.
South America,Argentina,Societal,CELS,https://www.cels.org.ar,ES/EN,Human-rights NGO,Independent,Website,,no,5,4,3,5,4,4,4,4.1,Centre for Legal and Social Studies; rights and security oversight.
South America,Peru,General,El Comercio,https://elcomercio.pe,ES,Daily newspaper,Independent,Website,,no,4,3,5,4,4,4,3,3.9,Peru's newspaper of record; dominant media group.
South America,Peru,General,RPP Noticias,https://rpp.pe,ES,Broadcaster / news,Independent,Website,,no,4,3,5,4,3,5,2,3.7,Leading radio-news network and site.
South America,Peru,General,IDL-Reporteros,https://www.idl-reporteros.pe,ES,Investigative,Independent,Website,,no,5,5,3,4,5,4,4,4.3,Investigative unit; central to the Lava Jato/'Cuellos Blancos' exposés.
South America,Peru,General,Ojo Público,https://ojo-publico.com,ES,Investigative nonprofit,Independent,Website,,no,5,5,3,5,5,4,4,4.4,"Data-driven investigations on corruption, environment, and health."
South America,Peru,General,Convoca,https://convoca.pe,ES,Investigative / data,Independent,Website,,no,5,5,3,5,5,4,4,4.4,Database-driven investigative journalism.
South America,Peru,General,Salud con Lupa,https://saludconlupa.com,ES,Health investigative,Independent,Website,,no,5,4,3,5,4,4,4,4.1,Regional public-health investigative platform.
South America,Peru,Economic,Banco Central (BCRP),https://www.bcrp.gob.pe,ES/EN,Central bank,State / official,Website,,yes,5,3,4,4,5,4,2,3.9,Central Reserve Bank; monetary and macro data.
South America,Peru,Economic,INEI,https://www.inei.gob.pe,ES,Official statistics,State / official,Website,,yes,4,3,3,4,5,4,1,3.4,National statistics-and-informatics institute.
South America,Peru,Political,Congreso de la República,https://www.congreso.gob.pe,ES,Legislature (official),State / official,Website,,yes,4,3,4,3,4,3,1,3.1,Official record of Congress.
South America,Peru,Political,Proética,https://www.proetica.org.pe,ES,Anti-corruption (TI chapter),Independent,Website,,no,5,4,3,5,4,4,4,4.1,Transparency International's Peru chapter.
South America,Peru,Societal,Instituto de Estudios Peruanos (IEP),https://iep.org.pe,ES,Social-research institute,Independent,Website,,yes,4,4,3,4,4,4,4,3.9,Research institute with regular national opinion surveys.
South America,Peru,Societal,IDEHPUCP,https://idehpucp.pucp.edu.pe,ES,Human-rights institute,Independent,Website,,no,5,4,3,5,4,4,5,4.3,PUCP democracy-and-human-rights institute.
South America,Venezuela,General,Efecto Cocuyo,https://efectococuyo.com,ES,Independent digital news,Independent,Website,,no,5,4,4,5,4,3,3,4.0,"Independent newsroom covering politics, migration, and rights under pressure."
South America,Venezuela,General,El Pitazo,https://elpitazo.net,ES,Independent digital news,Independent,Website,,no,4,4,4,4,4,3,3,3.7,Multi-platform independent outlet reaching audiences around blocking.
South America,Venezuela,General,Runrun.es,https://runrun.es,ES,Independent news / investigative,Independent,Website,,no,4,4,4,4,4,3,3,3.7,One of Venezuela's main independent sites; investigations and news.
South America,Venezuela,General,TalCual,https://talcualdigital.com,ES,Independent daily,Independent,Website,,no,4,3,4,4,3,3,3,3.4,"Veteran independent outlet, now digital."
South America,Venezuela,General,Prodavinci,https://prodavinci.com,ES,Analysis / long-form,Independent,Website,,no,4,4,3,5,4,3,5,4.0,Analysis by scholars and specialists; strong long-form.
South America,Venezuela,General,Telesur,https://www.telesurtv.net,ES/EN,State media,State media,Website,,no,2,3,5,2,2,5,2,3.0,State-funded regional broadcaster; the government's framing.
South America,Venezuela,Security,Armando.info,https://armando.info,ES,Investigative nonprofit,Independent,Website,,no,5,5,3,5,5,3,4,4.3,Cross-border investigations into corruption; several staff work in exile.
South America,Venezuela,Security,Foro Penal,https://foropenal.com,ES,Rights / political-prisoner data,Independent,Website,,yes,5,5,4,5,5,4,3,4.4,Tracks arbitrary detentions and political prisoners as an ongoing dataset.
South America,Venezuela,Security,OVCS (Conflictividad Social),https://www.observatoriodeconflictos.org.ve,ES,Protest-monitoring data,Independent,Website,,yes,4,5,4,5,4,4,3,4.1,Observatory recording protests and social conflict nationwide.
South America,Venezuela,Economic,Observatorio Venezolano de Finanzas (OVF),https://observatoriodefinanzas.com,ES,Independent economic data,Independent,Website,,yes,4,5,4,5,4,4,4,4.3,Independent inflation and macro data filling the gap left by official silence.
South America,Venezuela,Economic,Banco Central de Venezuela (BCV),https://www.bcv.org.ve,ES,Central bank (official),State / official,Website,,yes,2,3,2,2,3,3,1,2.3,"Official central bank; data is delayed, partial, and politically sensitive."
South America,Venezuela,Political,Transparencia Venezuela,https://transparencia.org.ve,ES,Anti-corruption (TI chapter),Independent,Website,,no,5,5,3,5,4,4,4,4.3,TI chapter; corruption and public-integrity research.
South America,Venezuela,Political,Acceso a la Justicia,https://accesoalajusticia.org,ES,Rule-of-law monitor,Independent,Website,,no,5,4,3,5,4,4,5,4.3,Monitors the judiciary and rule of law.
South America,Venezuela,Societal,ENCOVI (UCAB),https://www.proyectoencovi.com,ES,Living-conditions survey,Independent,Website,,yes,5,5,3,5,5,4,4,4.4,UCAB's survey — the authoritative read on poverty and living conditions.
South America,Venezuela,Societal,Provea,https://provea.org,ES,Human-rights NGO,Independent,Website,,no,5,5,3,5,5,4,3,4.3,Leading human-rights organization; annual rights reporting.
South America,Chile,General,La Tercera,https://www.latercera.com,ES,Daily newspaper,Independent,Website,,no,4,3,5,4,4,4,3,3.9,Major national daily.
South America,Chile,General,Emol (El Mercurio),https://www.emol.com,ES,Daily newspaper,Independent,Website,,no,4,3,5,4,4,4,3,3.9,El Mercurio's news portal; establishment daily of record.
South America,Chile,General,CIPER,https://www.ciperchile.cl,ES,Investigative nonprofit,Independent,Website,,no,5,5,3,5,5,4,4,4.4,Chile's premier investigative center; broke major graft cases.
South America,Chile,General,El Mostrador,https://www.elmostrador.cl,ES,Independent digital daily,Independent,Website,,no,4,4,4,4,4,4,3,3.9,Chile's first digital-only newspaper; politics and business.
South America,Chile,General,Interferencia,https://interferencia.cl,ES,Independent / investigative,Independent,Website,,no,4,4,3,4,4,4,3,3.7,Subscriber-funded outlet; investigations and rights coverage.
South America,Chile,General,BioBioChile,https://www.biobiochile.cl,ES,Broadcaster / news,Independent,Website,,no,4,3,5,4,3,5,2,3.7,High-traffic radio-news network and site.
South America,Chile,Security,Fundación Paz Ciudadana,https://pazciudadana.cl,ES,Crime / security think tank,Independent,Website,,no,4,4,3,4,4,4,4,3.9,Think tank on crime prevention and public security.
South America,Chile,Economic,Banco Central de Chile,https://www.bcentral.cl,ES/EN,Central bank,State / official,Website,,yes,5,3,4,5,5,4,2,4.0,"Independent central bank; high-quality data, English portal."
South America,Chile,Economic,INE Chile,https://www.ine.gob.cl,ES,Official statistics,State / official,Website,,yes,4,3,3,4,5,4,1,3.4,National statistics institute.
South America,Chile,Economic,Diario Financiero,https://www.df.cl,ES,Business daily,Independent,Website,,no,5,3,5,4,4,3,4,4.0,Business-and-markets daily.
South America,Chile,Political,Cámara de Diputadas y Diputados,https://www.camara.cl,ES,Legislature (official),State / official,Website,,yes,4,3,4,3,4,3,1,3.1,Official record of the lower house.
South America,Chile,Political,Espacio Público,https://www.espaciopublico.cl,ES,Public-policy think tank,Independent,Website,,no,5,4,3,5,4,4,5,4.3,"Think tank on transparency, policy, and institutions."
South America,Chile,Political,Fast Check CL,https://www.fastcheck.cl,ES,Fact-checking,Independent,Website,,no,4,4,4,4,4,4,2,3.7,Fact-checking outlet.
South America,Chile,Societal,Centro de Estudios Públicos (CEP),https://www.cepchile.cl,ES,Think tank / pollster,Independent,Website,,yes,5,5,3,5,5,4,5,4.6,The CEP survey is Chile's benchmark public-opinion series.
South America,Ecuador,General,El Universo,https://www.eluniverso.com,ES,Daily newspaper,Independent,Website,,no,4,3,5,4,4,4,3,3.9,Ecuador's largest daily.
South America,Ecuador,General,Primicias,https://www.primicias.ec,ES,Independent digital news,Independent,Website,,no,4,4,4,4,4,4,3,3.9,Leading independent digital outlet; politics and economy.
South America,Ecuador,General,GK,https://gk.city,ES,Independent digital / investigative,Independent,Website,,no,5,4,3,5,4,4,4,4.1,"Digital-native outlet; investigations, gender, and rights."
South America,Ecuador,General,El Comercio (Ecuador),https://www.elcomercio.com,ES,Daily newspaper,Independent,Website,,no,4,3,5,4,4,4,3,3.9,Quito-based daily of record.
South America,Ecuador,General,La Barra Espaciadora,https://labarraespaciadora.com,ES,Investigative / rights,Independent,Website,,no,4,4,3,4,4,4,4,3.9,"Independent outlet on environment, rights, and conflict."
South America,Ecuador,Security,Plan V,https://www.planv.com.ec,ES,Investigative,Independent,Website,,no,5,5,3,4,5,4,4,4.3,"Investigative magazine covering security, narco, and power."
South America,Ecuador,Economic,Banco Central del Ecuador,https://www.bce.fin.ec,ES,Central bank,State / official,Website,,yes,4,3,4,4,5,4,2,3.7,Central bank; monetary and external-sector data (dollarized economy).
South America,Ecuador,Economic,INEC,https://www.ecuadorencifras.gob.ec,ES,Official statistics,State / official,Website,,yes,4,3,3,4,5,4,1,3.4,National statistics-and-census institute.
South America,Ecuador,Political,Asamblea Nacional,https://www.asambleanacional.gob.ec,ES,Legislature (official),State / official,Website,,yes,4,3,4,3,4,3,1,3.1,Official record of the National Assembly.
South America,Ecuador,Political,Fundamedios,https://www.fundamedios.org.ec,ES,Press-freedom watchdog,Independent,Website,,no,4,4,4,5,4,4,3,4.0,Monitors press freedom and attacks on journalists.
South America,Ecuador,Political,Ecuador Chequea,https://ecuadorchequea.com,ES,Fact-checking,Independent,Website,,no,4,4,4,4,4,4,2,3.7,Fact-checking initiative.
South America,Ecuador,General,Wambra,https://wambra.ec,ES,Community / rights media,Independent,Website,,no,4,4,3,4,4,4,3,3.7,Community-based digital outlet on rights and social movements.
South America,Bolivia,General,El Deber,https://eldeber.com.bo,ES,Daily newspaper,Independent,Website,,no,4,3,5,4,4,4,3,3.9,"Bolivia's leading daily, based in Santa Cruz."
South America,Bolivia,General,Los Tiempos,https://www.lostiempos.com,ES,Daily newspaper,Independent,Website,,no,4,3,5,4,4,4,3,3.9,Cochabamba-based national daily.
South America,Bolivia,General,La Razón,https://www.la-razon.com,ES,Daily newspaper,Establishment,Website,,no,3,3,5,3,3,4,3,3.4,La Paz daily; ownership ties affect its independence.
South America,Bolivia,General,Brújula Digital,https://brujuladigital.net,ES,Independent digital news,Independent,Website,,no,4,4,4,4,4,4,3,3.9,Independent news-and-analysis site.
South America,Bolivia,General,ANF (Agencia Fides),https://www.noticiasfides.com,ES,News agency,Independent,Website,,no,4,4,5,4,4,4,2,3.9,Church-linked independent news agency.
South America,Bolivia,General,Guardiana,https://guardiana.com.bo,ES,Social / gender media,Independent,Website,,no,4,4,3,4,4,4,3,3.7,Digital outlet focused on social issues and gender.
South America,Bolivia,Economic,Banco Central de Bolivia,https://www.bcb.gob.bo,ES,Central bank,State / official,Website,,yes,4,3,4,4,5,4,2,3.7,Central bank; monetary and reserves data.
South America,Bolivia,Economic,INE Bolivia,https://www.ine.gob.bo,ES,Official statistics,State / official,Website,,yes,4,3,3,4,5,4,1,3.4,National statistics institute.
South America,Bolivia,Political,Asamblea Legislativa Plurinacional,https://web.diputados.gob.bo,ES,Legislature (official),State / official,Website,,yes,4,3,4,3,4,3,1,3.1,Official record of the legislature.
South America,Bolivia,Political,Bolivia Verifica,https://boliviaverifica.bo,ES,Fact-checking,Independent,Website,,no,4,4,4,4,4,4,2,3.7,Fact-checking outlet.
South America,Bolivia,Political,Fundación Construir,https://www.fundacionconstruir.org,ES,Justice / rights NGO,Independent,Website,,no,4,4,3,5,4,4,4,4.0,"Works on justice reform, rule of law, and rights."
South America,Bolivia,Economic,Fundación Jubileo,https://www.jubileobolivia.org,ES,Economic / social analysis,Independent,Website,,no,4,4,3,5,4,4,4,4.0,"Analysis of fiscal, extractives, and social policy."
South America,Paraguay,General,ABC Color,https://www.abc.com.py,ES,Daily newspaper,Independent,Website,,no,4,3,5,4,4,4,3,3.9,Paraguay's newspaper of record; strong investigations.
South America,Paraguay,General,Última Hora,https://www.ultimahora.com,ES,Daily newspaper,Independent,Website,,no,4,3,5,4,4,4,3,3.9,Major national daily.
South America,Paraguay,General,La Nación (Paraguay),https://www.lanacion.com.py,ES,Daily newspaper,Establishment,Website,,no,3,3,5,3,3,4,2,3.3,Asunción daily; ownership ties shape its line.
South America,Paraguay,General,El Surtidor,https://elsurti.com,ES,Independent / data journalism,Independent,Website,,no,5,5,3,5,4,4,4,4.3,Reader-supported outlet known for visual and data journalism.
South America,Paraguay,Economic,Banco Central del Paraguay,https://www.bcp.gov.py,ES,Central bank,State / official,Website,,yes,4,3,4,4,5,4,2,3.7,Central bank; monetary and external data.
South America,Paraguay,Economic,INE Paraguay,https://www.ine.gov.py,ES,Official statistics,State / official,Website,,yes,4,3,3,4,5,4,1,3.4,National statistics institute.
South America,Paraguay,Economic,5Días,https://www.5dias.com.py,ES,Business daily,Independent,Website,,no,4,3,5,4,4,4,3,3.9,Business-and-economy outlet.
South America,Paraguay,Political,Congreso Nacional,https://www.congreso.gov.py,ES,Legislature (official),State / official,Website,,yes,4,3,4,3,4,3,1,3.1,Official record of Congress.
South America,Paraguay,Political,TEDIC,https://www.tedic.org,ES,Digital-rights NGO,Independent,Website,,no,4,4,3,5,4,4,4,4.0,Digital-rights and transparency organization.
South America,Uruguay,General,El País (Uruguay),https://www.elpais.com.uy,ES,Daily newspaper,Independent,Website,,no,4,3,5,4,4,4,3,3.9,Montevideo daily of record.
South America,Uruguay,General,El Observador,https://www.elobservador.com.uy,ES,Daily newspaper,Independent,Website,,no,4,3,5,4,4,4,3,3.9,National daily with strong business coverage.
South America,Uruguay,General,la diaria,https://ladiaria.com.uy,ES,Independent daily (cooperative),Independent,Website,,no,5,4,4,5,4,4,3,4.1,Reader-and-cooperative-funded independent daily.
South America,Uruguay,General,Búsqueda,https://www.busqueda.com.uy,ES,News weekly,Independent,Website,,no,4,4,3,4,4,3,4,3.7,Influential political-and-economic weekly.
South America,Uruguay,General,Sudestada,https://www.sudestada.com.uy,ES,Investigative,Independent,Website,,no,5,5,3,5,5,4,4,4.4,Investigative outlet; corruption and organized crime.
South America,Uruguay,General,Montevideo Portal,https://www.montevideo.com.uy,ES,News portal,Independent,Website,,no,4,3,5,4,3,5,2,3.7,Popular news portal.
South America,Uruguay,Economic,Banco Central del Uruguay,https://www.bcu.gub.uy,ES,Central bank,State / official,Website,,yes,5,3,4,4,5,4,2,3.9,Central bank; monetary and financial data.
South America,Uruguay,Economic,INE Uruguay,https://www.ine.gub.uy,ES,Official statistics,State / official,Website,,yes,4,3,3,4,5,4,1,3.4,National statistics institute.
South America,Uruguay,Political,Parlamento del Uruguay,https://parlamento.gub.uy,ES,Legislature (official),State / official,Website,,yes,4,3,4,3,4,3,1,3.1,Official record of the General Assembly.
South America,Uruguay,Political,Verificado,https://verificado.uy,ES,Fact-checking,Independent,Website,,no,4,4,4,4,4,4,2,3.7,Uruguayan fact-checking outlet.
South America,Uruguay,Societal,Equipos Consultores,https://www.equipos.com.uy,ES,Pollster,Independent,Website,,yes,4,4,3,4,4,4,2,3.6,Established polling-and-research firm.
South America,Guyana,General,Stabroek News,https://www.stabroeknews.com,EN,Daily newspaper,Independent,Website,,no,5,4,5,4,4,4,3,4.1,Guyana's most-trusted independent daily.
South America,Guyana,General,Kaieteur News,https://www.kaieteurnewsonline.com,EN,Daily newspaper,Independent,Website,,no,4,4,5,4,3,4,3,3.9,Independent daily known for aggressive reporting on oil and graft.
South America,Guyana,General,Demerara Waves,https://demerarawaves.com,EN,Independent news,Independent,Website,,no,4,3,5,4,3,4,2,3.6,Independent online-and-radio news outlet.
South America,Guyana,General,News Room Guyana,https://newsroom.gy,EN,Independent news,Independent,Website,,no,4,3,5,4,3,4,2,3.6,Independent multimedia news outlet.
South America,Guyana,General,Guyana Chronicle,https://guyanachronicle.com,EN,State newspaper,State media,Website,,no,3,2,5,2,3,4,1,2.9,State-owned daily; reflects the government's line.
South America,Guyana,General,OilNOW,https://oilnow.gy,EN,Energy-sector news,Independent,Website,,no,4,4,4,4,4,4,3,3.9,Specialist coverage of Guyana's booming oil sector.
South America,Guyana,Economic,Bank of Guyana,https://www.bankofguyana.org.gy,EN,Central bank,State / official,Website,,yes,4,3,3,4,4,4,2,3.4,Central bank; monetary and reserves data.
South America,Guyana,Economic,Guyana Bureau of Statistics,https://www.statisticsguyana.gov.gy,EN,Official statistics,State / official,Website,,yes,3,3,3,4,4,3,1,3.0,National statistics bureau.
South America,Guyana,Political,Parliament of Guyana,https://parliament.gov.gy,EN,Legislature (official),State / official,Website,,yes,4,3,4,3,4,3,1,3.1,Official record of the National Assembly.
South America,Suriname,General,Starnieuws,https://www.starnieuws.com,NL,Independent news,Independent,Website,,no,4,4,5,4,3,4,2,3.7,Leading independent online news outlet.
South America,Suriname,General,De Ware Tijd,https://www.dwtonline.com,NL,Daily newspaper,Independent,Website,,no,4,3,5,4,4,4,3,3.9,Suriname's oldest daily newspaper.
South America,Suriname,General,Dagblad Suriname,https://www.dbsuriname.com,NL,Daily newspaper,Independent,Website,,no,3,3,5,3,3,4,2,3.3,National daily newspaper.
South America,Suriname,General,Suriname Herald,https://www.srherald.com,NL,Independent news,Independent,Website,,no,4,3,5,4,3,4,2,3.6,Independent online news outlet.
South America,Suriname,General,Waterkant,https://www.waterkant.net,NL,Diaspora news,Independent,Website,,no,3,3,5,3,3,5,2,3.4,Netherlands-based Suriname news site.
South America,Suriname,Economic,Centrale Bank van Suriname,https://www.cbvs.sr,NL,Central bank,State / official,Website,,yes,4,3,3,4,4,4,2,3.4,Central bank; monetary and reserves data.
South America,Suriname,Economic,Algemeen Bureau voor de Statistiek,https://statistics-suriname.org,NL,Official statistics,State / official,Website,,yes,3,3,3,4,4,3,1,3.0,General Statistics Bureau.
South America,Suriname,Political,De Nationale Assemblée,https://www.dna.sr,NL,Legislature (official),State / official,Website,,yes,4,3,4,3,4,3,1,3.1,Official record of the National Assembly.
South America,Peru,General,La República (Peru),https://larepublica.pe,ES,Daily newspaper,Independent,Website,,no,4,3,5,4,4,4,3,3.9,"Major daily; center-left, with a fact-checking unit."
Sub-Saharan Africa,Nigeria,General,Premium Times,https://www.premiumtimesng.com,EN,Independent daily / investigative,Independent,Website,,no,5,4,5,4,5,4,3,4.3,Nigeria's leading independent paper; deep investigations.
Sub-Saharan Africa,Nigeria,General,TheCable,https://www.thecable.ng,EN,Independent news,Independent,Website,,no,4,4,5,4,4,4,3,4.0,Digital-native independent outlet; politics and investigations.
Sub-Saharan Africa,Nigeria,General,Sahara Reporters,https://saharareporters.com,EN,Diaspora investigative / citizen,Independent (external),Website,,no,4,4,5,3,3,4,2,3.6,New York-based citizen-journalism site exposing corruption.
Sub-Saharan Africa,Nigeria,General,Daily Trust,https://dailytrust.com,EN,Daily newspaper,Independent,Website,,no,4,3,5,4,4,4,3,3.9,Major northern-Nigeria daily.
Sub-Saharan Africa,Nigeria,General,Punch,https://punchng.com,EN,Daily newspaper,Independent,Website,,no,4,3,5,4,4,4,2,3.7,High-circulation national daily.
Sub-Saharan Africa,Nigeria,General,African Arguments,https://africanarguments.org,EN,Pan-African analysis,Independent,Website,,no,4,4,3,4,4,5,5,4.1,"Pan-African platform for news, investigation, and opinion."
Sub-Saharan Africa,Nigeria,Security,HumAngle,https://humanglemedia.com,EN,Conflict / humanitarian,Independent,Website,,no,5,5,4,4,4,4,4,4.3,"Specialist coverage of conflict, insurgency, and humanitarian crises."
Sub-Saharan Africa,Nigeria,Security,ACLED,https://acleddata.com,EN,Conflict-event dataset,Independent (external),Website,,yes,5,5,4,5,5,5,4,4.7,Armed Conflict Location & Event Data; the reference dataset for African conflict.
Sub-Saharan Africa,Nigeria,Economic,Central Bank of Nigeria,https://www.cbn.gov.ng,EN,Central bank,State / official,Website,,yes,4,3,4,4,5,4,2,3.7,"Central bank; monetary, FX, and financial data."
Sub-Saharan Africa,Nigeria,Economic,National Bureau of Statistics,https://www.nigerianstat.gov.ng,EN,Official statistics,State / official,Website,,yes,4,3,3,4,5,4,1,3.4,"National statistics office; GDP, inflation, labour data."
Sub-Saharan Africa,Nigeria,Political,Dubawa,https://dubawa.org,EN,Fact-checking,Independent,Website,,no,5,4,4,5,5,4,3,4.3,West African fact-checking platform (Premium Times CIJ).
Sub-Saharan Africa,Nigeria,Political,BudgIT,https://yourbudgit.com,EN,Fiscal-transparency / data,Independent,Website,,yes,5,4,3,5,5,4,3,4.1,Civic-tech group simplifying public budgets and tracking spending.
Sub-Saharan Africa,Ethiopia,General,Addis Standard,https://addisstandard.com,EN/AM,Independent news / analysis,Independent,Website,,no,5,5,4,4,4,3,4,4.1,Leading independent outlet; license revoked 2026 but publishing online under pressure.
Sub-Saharan Africa,Ethiopia,General,Ethiopia Insight,https://www.ethiopia-insight.com,EN,Analysis / commentary,Independent,Website,,no,4,5,3,4,4,4,5,4.1,In-depth analysis of Ethiopian politics and conflict.
Sub-Saharan Africa,Ethiopia,General,Addis Fortune,https://addisfortune.news,EN,Business weekly,Independent,Website,,no,4,3,4,4,4,4,3,3.7,Business-and-economy weekly.
Sub-Saharan Africa,Ethiopia,General,Fana Broadcasting,https://www.fanabc.com,AM/EN,State-affiliated broadcaster,State media,Website,,no,2,2,5,2,3,4,1,2.7,State-affiliated broadcaster; reflects the government's line.
Sub-Saharan Africa,Ethiopia,Economic,National Bank of Ethiopia,https://nbe.gov.et,EN,Central bank,State / official,Website,,yes,4,3,4,4,4,4,2,3.6,Central bank; monetary and external data.
Sub-Saharan Africa,Ethiopia,Economic,Ethiopian Statistical Service,https://www.statsethiopia.gov.et,EN,Official statistics,State / official,Website,,yes,3,3,3,3,4,3,1,2.9,National statistics agency.
Sub-Saharan Africa,DR Congo,General,Actualité.cd,https://actualite.cd,FR,Independent news,Independent,Website,,no,4,4,5,4,4,4,3,4.0,"Congolese outlet on politics, security, and economy."
Sub-Saharan Africa,DR Congo,General,Radio Okapi,https://www.radiookapi.net,FR,Public-interest broadcaster (UN),Independent,Website,,no,4,4,5,4,4,4,2,3.9,"UN-backed national radio; broad, comparatively balanced coverage."
Sub-Saharan Africa,DR Congo,General,7sur7.cd,https://7sur7.cd,FR,News portal,Independent,Website,,no,3,3,5,3,3,4,2,3.3,High-traffic news portal.
Sub-Saharan Africa,DR Congo,Security,Ebuteli / Congo Research Group,https://ebuteli.org,FR/EN,Political-and-security research,Independent,Website,,no,5,5,3,5,5,4,5,4.6,"Research institute (with NYU's GEC) on Congolese politics, armed groups, and elections."
Sub-Saharan Africa,DR Congo,Security,Kivu Security Tracker / KST,https://kivusecurity.org,EN/FR,Conflict-mapping dataset,Independent,Website,,yes,5,5,3,5,5,4,3,4.3,Maps violence by armed groups in eastern DRC.
Sub-Saharan Africa,DR Congo,Economic,Banque Centrale du Congo,https://www.bcc.cd,FR,Central bank,State / official,Website,,yes,4,3,4,4,4,4,2,3.6,Central bank; monetary and FX data.
Sub-Saharan Africa,Tanzania,General,The Citizen,https://www.thecitizen.co.tz,EN,Daily newspaper,Independent,Website,,no,4,3,5,4,4,4,3,3.9,Leading English daily (Nation Media/Mwananchi).
Sub-Saharan Africa,Tanzania,General,Mwananchi,https://www.mwananchi.co.tz,SW,Daily newspaper,Independent,Website,,no,4,3,5,4,4,4,2,3.7,Largest Swahili daily.
Sub-Saharan Africa,Tanzania,General,The Chanzo,https://thechanzo.com,EN/SW,Independent / community journalism,Independent,Website,,no,4,5,3,4,4,4,3,3.9,"Independent outlet on rights, governance, and under-covered communities."
Sub-Saharan Africa,Tanzania,General,Daily News,https://dailynews.co.tz,EN,State newspaper,State media,Website,,no,3,2,5,2,3,4,1,2.9,Government-owned daily.
Sub-Saharan Africa,Tanzania,Economic,Bank of Tanzania,https://www.bot.go.tz,EN,Central bank,State / official,Website,,yes,4,3,4,4,5,4,2,3.7,Central bank; monetary and financial data.
Sub-Saharan Africa,South Africa,General,Daily Maverick,https://www.dailymaverick.co.za,EN,Independent daily / investigative,Independent,Website,,no,5,4,5,5,4,4,4,4.4,Leading independent outlet; Scorpio investigative unit.
Sub-Saharan Africa,South Africa,General,News24,https://www.news24.com,EN,News portal,Independent,Website,,no,4,3,5,4,4,4,2,3.7,Largest South African news site.
Sub-Saharan Africa,South Africa,General,Mail & Guardian,https://mg.co.za,EN,Weekly newspaper,Independent,Website,,no,5,4,4,4,4,4,4,4.1,Storied weekly; investigations and analysis.
Sub-Saharan Africa,South Africa,General,The Continent,https://www.thecontinent.org,EN,Pan-African weekly,Independent,Website,,no,5,5,4,5,4,4,4,4.4,Pan-African weekly distributed via WhatsApp; reporting from across the continent.
Sub-Saharan Africa,South Africa,General,GroundUp,https://www.groundup.org.za,EN,Community / rights journalism,Independent,Website,,no,5,4,4,5,5,4,3,4.3,Nonprofit covering social justice and community issues.
Sub-Saharan Africa,South Africa,Security,amaBhungane,https://amabhungane.org,EN,Investigative nonprofit,Independent,Website,,no,5,5,3,5,5,4,4,4.4,Investigative unit central to the 'state capture' exposés.
Sub-Saharan Africa,South Africa,Security,ISS Africa,https://issafrica.org,EN,Security think tank,Independent,Website,,no,5,4,3,5,4,5,5,4.4,Institute for Security Studies; continent-wide security and governance research.
Sub-Saharan Africa,South Africa,Economic,South African Reserve Bank,https://www.resbank.co.za,EN,Central bank,State / official,Website,,yes,5,3,4,5,5,4,2,4.0,Central bank; high-quality monetary and financial data.
Sub-Saharan Africa,South Africa,Economic,Statistics South Africa,https://www.statssa.gov.za,EN,Official statistics,State / official,Website,,yes,5,3,3,4,5,4,1,3.6,Well-regarded national statistics service.
Sub-Saharan Africa,South Africa,Economic,Business Day,https://www.businesslive.co.za,EN,Business daily,Independent,Website,,no,5,3,5,4,4,3,4,4.0,Leading business-and-markets daily.
Sub-Saharan Africa,South Africa,Political,Africa Check,https://africacheck.org,EN/FR,Fact-checking,Independent,Website,,no,5,4,4,5,5,5,3,4.4,"Africa's leading fact-checking organization (SA, Nigeria, Kenya, Senegal)."
Sub-Saharan Africa,South Africa,Political,Mo Ibrahim Foundation,https://mo.ibrahim.foundation,EN,Governance index / data,Independent,Website,,yes,5,4,3,5,5,5,4,4.4,Publishes the Ibrahim Index of African Governance.
Sub-Saharan Africa,South Africa,Political,Parliament of South Africa,https://www.parliament.gov.za,EN,Legislature (official),State / official,Website,,yes,4,3,4,3,4,3,1,3.1,Official record of Parliament.
Sub-Saharan Africa,Kenya,General,Nation,https://nation.africa,EN,Daily newspaper,Independent,Website,,no,4,3,5,4,4,4,3,3.9,East Africa's most influential newsroom (Nation Media Group).
Sub-Saharan Africa,Kenya,General,The Standard,https://www.standardmedia.co.ke,EN,Daily newspaper,Independent,Website,,no,4,3,5,4,4,4,3,3.9,Kenya's oldest newspaper.
Sub-Saharan Africa,Kenya,General,The Elephant,https://www.theelephant.info,EN,Analysis / long-form,Independent,Website,,no,5,5,3,5,4,4,5,4.4,Platform for rigorous debate and long-form analysis.
Sub-Saharan Africa,Kenya,General,The Star,https://www.the-star.co.ke,EN,Daily newspaper,Independent,Website,,no,3,3,5,4,3,4,2,3.4,National daily.
Sub-Saharan Africa,Kenya,Security,Africa Uncensored,https://africauncensored.online,EN,Investigative,Independent,Website,,no,5,5,3,4,5,4,4,4.3,Investigative outlet founded by John-Allan Namu.
Sub-Saharan Africa,Kenya,Economic,Central Bank of Kenya,https://www.centralbank.go.ke,EN,Central bank,State / official,Website,,yes,4,3,4,4,5,4,2,3.7,Central bank; monetary and financial data.
Sub-Saharan Africa,Kenya,Economic,Business Daily,https://www.businessdailyafrica.com,EN,Business daily,Independent,Website,,no,4,3,5,4,4,4,4,4.0,Leading business daily (Nation Media).
Sub-Saharan Africa,Kenya,Economic,Kenya National Bureau of Statistics,https://www.knbs.or.ke,EN,Official statistics,State / official,Website,,yes,4,3,3,4,5,4,1,3.4,National statistics bureau; census and economic surveys.
Sub-Saharan Africa,Kenya,Political,PesaCheck,https://pesacheck.org,EN/FR,Fact-checking (East Africa),Independent,Website,,no,5,4,4,5,5,4,3,4.3,East Africa's leading fact-checking initiative.
Sub-Saharan Africa,Uganda,General,Daily Monitor,https://www.monitor.co.ug,EN,Independent daily,Independent,Website,,no,4,3,5,4,4,4,3,3.9,Uganda's largest independent daily (Nation Media).
Sub-Saharan Africa,Uganda,General,The Observer,https://observer.ug,EN,Independent news,Independent,Website,,no,4,4,4,4,4,4,3,3.9,Independent outlet on politics and governance.
Sub-Saharan Africa,Uganda,General,The Independent,https://www.independent.co.ug,EN,News weekly,Independent,Website,,no,4,3,4,4,4,4,3,3.7,News-and-analysis weekly.
Sub-Saharan Africa,Uganda,General,New Vision,https://www.newvision.co.ug,EN,State newspaper,State media,Website,,no,3,2,5,2,3,4,1,2.9,Government-owned daily; the official line.
Sub-Saharan Africa,Uganda,Economic,Bank of Uganda,https://www.bou.or.ug,EN,Central bank,State / official,Website,,yes,4,3,4,4,5,4,2,3.7,Central bank; monetary and financial data.
Sub-Saharan Africa,Uganda,Economic,Uganda Bureau of Statistics,https://www.ubos.org,EN,Official statistics,State / official,Website,,yes,4,3,3,4,4,4,1,3.3,National statistics bureau.
Sub-Saharan Africa,Sudan,General,Sudan Tribune,https://sudantribune.com,EN/AR,Independent news (diaspora),Independent (external),Website,,no,4,4,5,4,4,4,3,4.0,Paris-based portal on Sudan and South Sudan.
Sub-Saharan Africa,Sudan,General,Radio Dabanga,https://www.dabangasudan.org,EN/AR,Independent broadcaster,Independent (external),Website,,no,4,5,4,4,4,4,3,4.0,"Netherlands-based outlet reporting from across Sudan, incl. Darfur."
Sub-Saharan Africa,Sudan,Security,Sudan War Monitor,https://sudanwarmonitor.com,EN,Conflict OSINT / analysis,Independent,Website,,no,5,5,4,4,5,3,4,4.3,OSINT tracking of the Sudanese civil war.
Sub-Saharan Africa,Sudan,General,Ayin Network,https://3ayin.com,EN/AR,Investigative,Independent,Website,,no,4,5,3,4,4,3,3,3.7,Independent investigative network inside Sudan.
Sub-Saharan Africa,Sudan,Economic,Central Bank of Sudan,https://cbos.gov.sd,EN/AR,Central bank,State / official,Website,,yes,3,3,3,2,3,3,1,2.6,Central bank; data limited amid war and instability.
Sub-Saharan Africa,Angola,General,Maka Angola,https://www.makaangola.org,PT/EN,Anti-corruption investigative,Independent,Website,,no,5,5,3,5,5,4,4,4.4,Rafael Marques's platform exposing corruption.
Sub-Saharan Africa,Angola,General,Novo Jornal,https://novojornal.co.ao,PT,Independent weekly,Independent,Website,,no,4,3,4,4,4,4,3,3.7,Independent news weekly.
Sub-Saharan Africa,Angola,General,Jornal de Angola,https://www.jornaldeangola.ao,PT,State newspaper,State media,Website,,no,2,2,5,2,3,4,1,2.7,State-owned daily.
Sub-Saharan Africa,Angola,Economic,Banco Nacional de Angola,https://www.bna.ao,PT,Central bank,State / official,Website,,yes,4,3,4,4,4,4,2,3.6,Central bank; monetary and FX data.
Sub-Saharan Africa,Angola,Economic,INE Angola,https://www.ine.gov.ao,PT,Official statistics,State / official,Website,,yes,3,3,3,3,4,3,1,2.9,National statistics institute.
Sub-Saharan Africa,Ghana,General,MyJoyOnline,https://www.myjoyonline.com,EN,Broadcaster / news,Independent,Website,,no,4,3,5,4,4,4,3,3.9,Multimedia news from the Multimedia Group.
Sub-Saharan Africa,Ghana,General,Graphic Online,https://www.graphic.com.gh,EN,Daily newspaper,Independent,Website,,no,4,3,5,4,4,4,3,3.9,Daily Graphic's site; national paper of record.
Sub-Saharan Africa,Ghana,General,Citi Newsroom,https://citinewsroom.com,EN,Broadcaster / news,Independent,Website,,no,4,3,5,4,4,4,3,3.9,Citi FM/TV news; strong on governance.
Sub-Saharan Africa,Ghana,General,The Fourth Estate,https://thefourthestategh.com,EN,Investigative nonprofit,Independent,Website,,no,5,5,3,5,5,4,4,4.4,Nonprofit investigative project (MFWA).
Sub-Saharan Africa,Ghana,Economic,Bank of Ghana,https://www.bog.gov.gh,EN,Central bank,State / official,Website,,yes,4,3,4,4,5,4,2,3.7,Central bank; monetary and financial data.
Sub-Saharan Africa,Ghana,Economic,Ghana Statistical Service,https://www.statsghana.gov.gh,EN,Official statistics,State / official,Website,,yes,4,3,3,4,5,4,1,3.4,National statistics service.
Sub-Saharan Africa,Ghana,Political,CDD-Ghana,https://www.cddgh.org,EN,Governance think tank,Independent,Website,,no,5,4,3,5,4,4,5,4.3,Centre for Democratic Development; governance and elections research.
Sub-Saharan Africa,Ghana,Societal,Afrobarometer,https://www.afrobarometer.org,EN/FR/PT,Pan-African survey,Independent,Website,,yes,5,5,3,5,5,4,4,4.4,Public-attitudes survey across 35+ African countries; open microdata.
Sub-Saharan Africa,Mozambique,General,Carta de Moçambique,https://cartamz.com,PT,Independent news,Independent,Website,,no,4,4,4,4,4,4,3,3.9,Independent outlet on politics and the northern insurgency.
Sub-Saharan Africa,Mozambique,General,Zitamar News,https://zitamar.com,EN,Business / security news,Independent,Website,,no,4,5,4,4,4,3,3,3.9,"English-language coverage of politics, business, and the Cabo Delgado conflict."
Sub-Saharan Africa,Mozambique,Political,Centro de Integridade Pública (CIP),https://www.cipmoz.org,PT/EN,Anti-corruption / transparency,Independent,Website,,no,5,5,3,5,5,4,4,4.4,"Watchdog on public finance, debt, and extractives."
Sub-Saharan Africa,Mozambique,Economic,Banco de Moçambique,https://www.bancomoc.mz,PT,Central bank,State / official,Website,,yes,4,3,4,4,4,4,2,3.6,Central bank; monetary and financial data.
Sub-Saharan Africa,Mozambique,Economic,INE Moçambique,https://www.ine.gov.mz,PT,Official statistics,State / official,Website,,yes,3,3,3,3,4,3,1,2.9,National statistics institute.
Sub-Saharan Africa,Madagascar,General,L'Express de Madagascar,https://lexpress.mg,FR,Daily newspaper,Independent,Website,,no,4,3,5,4,4,4,3,3.9,Leading national daily.
Sub-Saharan Africa,Madagascar,General,Madagascar Tribune,https://www.madagascar-tribune.com,FR,Daily newspaper,Independent,Website,,no,4,3,4,4,4,4,3,3.7,Independent daily.
Sub-Saharan Africa,Madagascar,General,Midi Madagasikara,https://midi-madagasikara.mg,FR,Daily newspaper,Independent,Website,,no,3,3,5,3,3,4,2,3.3,National daily.
Sub-Saharan Africa,Madagascar,Economic,INSTAT Madagascar,https://www.instat.mg,FR,Official statistics,State / official,Website,,yes,3,3,3,3,4,3,1,2.9,National statistics institute.
Sub-Saharan Africa,Côte d'Ivoire,General,Jeune Afrique,https://www.jeuneafrique.com,FR,Pan-African news weekly,Independent (external),Website,,no,4,4,4,4,4,4,4,4.0,France-based pan-African magazine; strong on Francophone Africa.
Sub-Saharan Africa,Côte d'Ivoire,General,Koaci,https://www.koaci.com,FR,News portal (West Africa),Independent,Website,,no,3,3,5,3,3,4,2,3.3,West-Africa news portal.
Sub-Saharan Africa,Côte d'Ivoire,General,Fraternité Matin,https://www.fratmat.info,FR,State newspaper,State media,Website,,no,3,2,5,2,3,4,1,2.9,State-owned daily.
Sub-Saharan Africa,Côte d'Ivoire,Economic,BCEAO,https://www.bceao.int,FR,Regional central bank,State / official,Website,,yes,4,3,4,4,5,4,2,3.7,"Central bank for the 8-member WAEMU (Benin, Burkina Faso, Côte d'Ivoire, Guinea-Bissau, Mali, Niger, Senegal, Togo)."
Sub-Saharan Africa,Côte d'Ivoire,Economic,INS Côte d'Ivoire,https://www.ins.ci,FR,Official statistics,State / official,Website,,yes,3,3,3,3,4,3,1,2.9,National statistics institute.
Sub-Saharan Africa,Cameroon,General,Journal du Cameroun,https://www.journalducameroun.com,FR/EN,Independent news,Independent,Website,,no,4,3,5,4,4,4,3,3.9,Bilingual independent news site.
Sub-Saharan Africa,Cameroon,General,Mimi Mefo Info,https://mimimefoinfo.com,EN/FR,Independent news,Independent,Website,,no,4,5,4,4,4,4,3,4.0,Independent outlet covering the Anglophone crisis.
Sub-Saharan Africa,Cameroon,General,Cameroon Tribune,https://www.cameroon-tribune.cm,FR/EN,State newspaper,State media,Website,,no,2,2,5,2,3,4,1,2.7,State-owned bilingual daily.
Sub-Saharan Africa,Cameroon,Economic,BEAC,https://www.beac.int,FR,Regional central bank,State / official,Website,,yes,4,3,4,4,5,4,2,3.7,"Central bank for CEMAC (Cameroon, CAR, Chad, Congo, Eq. Guinea, Gabon)."
Sub-Saharan Africa,Cameroon,Economic,INS Cameroun,https://ins-cameroun.cm,FR,Official statistics,State / official,Website,,yes,3,3,3,3,4,3,1,2.9,National statistics institute.
Sub-Saharan Africa,Niger,General,ActuNiger,https://www.actuniger.com,FR,Independent news,Independent,Website,,no,4,3,5,4,3,4,2,3.6,Independent news portal.
Sub-Saharan Africa,Niger,General,Tamtaminfo,https://www.tamtaminfo.com,FR,News portal,Independent,Website,,no,3,3,5,3,3,4,2,3.3,News-and-analysis portal.
Sub-Saharan Africa,Niger,General,Aïr Info,https://www.airinfoagadez.com,FR,Regional news (Agadez),Independent,Website,,no,4,4,3,4,4,3,3,3.6,Regional outlet on the north and migration routes.
Sub-Saharan Africa,Mali,General,Studio Tamani,https://www.studiotamani.org,FR,Independent radio / news,Independent,Website,,no,4,4,5,4,4,4,3,4.0,Fondation Hirondelle radio; balanced national coverage.
Sub-Saharan Africa,Mali,General,Maliweb,https://www.maliweb.net,FR,News aggregator / portal,Independent,Website,,no,3,3,5,3,3,4,2,3.3,Widely-read news portal.
Sub-Saharan Africa,Mali,General,Mondafrique,https://mondafrique.com,FR,Independent (Maghreb/Sahel),Independent (external),Website,,no,4,4,4,3,4,4,4,3.9,Independent site on the Maghreb and Francophone Africa.
Sub-Saharan Africa,Burkina Faso,General,Wakat Séra,https://www.wakatsera.com,FR,Independent news,Independent,Website,,no,4,4,5,4,4,4,3,4.0,Independent news-and-analysis site.
Sub-Saharan Africa,Burkina Faso,General,Lefaso.net,https://lefaso.net,FR,News portal,Independent,Website,,no,4,3,5,4,3,4,2,3.6,Leading Burkinabè news portal.
Sub-Saharan Africa,Burkina Faso,General,Burkina24,https://www.burkina24.com,FR,News portal,Independent,Website,,no,3,3,5,3,3,4,2,3.3,General news portal.
Sub-Saharan Africa,Senegal,General,Seneweb,https://www.seneweb.com,FR,News portal,Independent,Website,,no,3,3,5,3,3,4,2,3.3,Senegal's most-visited news portal.
Sub-Saharan Africa,Senegal,General,Le Quotidien,https://lequotidien.sn,FR,Daily newspaper,Independent,Website,,no,4,3,5,4,4,4,3,3.9,Independent daily.
Sub-Saharan Africa,Senegal,General,The Africa Report,https://www.theafricareport.com,EN,Pan-African magazine,Independent (external),Website,,no,4,4,4,4,4,4,4,4.0,English-language pan-African business-and-politics magazine.
Sub-Saharan Africa,Senegal,Economic,Financial Afrik,https://www.financialafrik.com,FR,Pan-African business,Independent,Website,,no,4,4,4,4,4,4,4,4.0,Pan-African financial-news outlet.
Sub-Saharan Africa,Senegal,Economic,ANSD,https://www.ansd.sn,FR,Official statistics,State / official,Website,,yes,4,3,3,4,4,4,1,3.3,National statistics-and-demography agency.
Sub-Saharan Africa,Zimbabwe,General,NewsDay,https://www.newsday.co.zw,EN,Independent daily,Independent,Website,,no,4,3,5,4,4,4,3,3.9,Independent daily (AMH group).
Sub-Saharan Africa,Zimbabwe,General,ZimLive,https://www.zimlive.com,EN,Independent news,Independent,Website,,no,4,4,5,3,3,4,2,3.6,Independent news site.
Sub-Saharan Africa,Zimbabwe,General,NewZimbabwe,https://www.newzimbabwe.com,EN,Independent news,Independent,Website,,no,4,3,5,4,3,4,2,3.6,UK-linked independent news site.
Sub-Saharan Africa,Zimbabwe,General,The Herald,https://www.herald.co.zw,EN,State newspaper,State media,Website,,no,2,2,5,2,3,4,1,2.7,State-owned daily; the government's line.
Sub-Saharan Africa,Zimbabwe,Economic,Reserve Bank of Zimbabwe,https://www.rbz.co.zw,EN,Central bank,State / official,Website,,yes,3,3,4,3,4,4,2,3.3,Central bank; data credibility affected by currency turmoil.
Sub-Saharan Africa,Zimbabwe,Economic,ZimStat,https://www.zimstat.co.zw,EN,Official statistics,State / official,Website,,yes,4,3,3,4,4,4,1,3.3,National statistics agency.
Sub-Saharan Africa,Zambia,General,News Diggers,https://diggers.news,EN,Independent daily,Independent,Website,,no,5,4,5,4,4,4,3,4.1,Independent investigative-leaning daily.
Sub-Saharan Africa,Zambia,General,Lusaka Times,https://www.lusakatimes.com,EN,News portal,Independent,Website,,no,3,3,5,3,3,4,2,3.3,Widely-read news portal.
Sub-Saharan Africa,Zambia,General,The Mast,https://www.themastonline.com,EN,Independent news,Independent,Website,,no,4,3,4,4,3,4,2,3.4,Independent outlet (successor to The Post).
Sub-Saharan Africa,Zambia,Economic,Bank of Zambia,https://www.boz.zm,EN,Central bank,State / official,Website,,yes,4,3,4,4,5,4,2,3.7,Central bank; monetary and financial data.
Sub-Saharan Africa,Zambia,Economic,Zambia Statistics Agency,https://www.zamstats.gov.zm,EN,Official statistics,State / official,Website,,yes,4,3,3,4,4,4,1,3.3,National statistics agency.
Sub-Saharan Africa,Malawi,General,Nyasa Times,https://www.nyasatimes.com,EN,Independent news,Independent,Website,,no,4,3,5,3,3,4,2,3.4,Independent news site.
Sub-Saharan Africa,Malawi,General,The Nation,https://mwnation.com,EN,Daily newspaper,Independent,Website,,no,4,3,5,4,4,4,3,3.9,Leading independent daily.
Sub-Saharan Africa,Malawi,Economic,Reserve Bank of Malawi,https://www.rbm.mw,EN,Central bank,State / official,Website,,yes,4,3,4,4,4,4,2,3.6,Central bank; monetary and financial data.
Sub-Saharan Africa,Malawi,Economic,National Statistical Office,https://www.nsomalawi.mw,EN,Official statistics,State / official,Website,,yes,4,3,3,4,4,4,1,3.3,National statistics office.
Sub-Saharan Africa,Rwanda,General,The New Times,https://www.newtimes.co.rw,EN,Daily newspaper (pro-gov),Pro-government,Website,,no,3,3,5,3,3,4,2,3.3,Largest private daily; closely aligned with the government.
Sub-Saharan Africa,Rwanda,General,The Chronicles,https://www.chronicles.rw,EN,Independent news,Independent,Website,,no,4,5,3,4,4,3,3,3.7,One of the few outlets offering independent scrutiny.
Sub-Saharan Africa,Rwanda,Economic,National Bank of Rwanda,https://www.bnr.rw,EN,Central bank,State / official,Website,,yes,4,3,4,4,5,4,2,3.7,Central bank; monetary and financial data.
Sub-Saharan Africa,Rwanda,Economic,NISR,https://www.statistics.gov.rw,EN,Official statistics,State / official,Website,,yes,4,3,3,4,4,4,1,3.3,National Institute of Statistics of Rwanda.
Sub-Saharan Africa,Guinea,General,Guinéenews,https://guineenews.org,FR,News portal,Independent,Website,,no,4,3,5,3,3,4,2,3.4,Leading Guinean news portal.
Sub-Saharan Africa,Guinea,General,Ledjely,https://ledjely.com,FR,Independent news,Independent,Website,,no,4,4,4,4,4,4,3,3.9,Independent news-and-analysis site.
Sub-Saharan Africa,Guinea,General,Mediaguinee,https://mediaguinee.org,FR,News portal,Independent,Website,,no,3,3,5,3,3,4,2,3.3,General news portal.
Sub-Saharan Africa,Benin,General,Banouto,https://www.banouto.bj,FR,Independent news,Independent,Website,,no,4,4,4,4,4,4,3,3.9,Independent digital outlet.
Sub-Saharan Africa,Benin,General,Matin Libre,https://matinlibre.com,FR,News portal,Independent,Website,,no,3,3,5,3,3,4,2,3.3,General news portal.
Sub-Saharan Africa,Benin,General,La Nation,https://lanation.bj,FR,State newspaper,State media,Website,,no,3,2,5,2,3,4,1,2.9,State-owned daily.
Sub-Saharan Africa,Somalia,General,Garowe Online,https://www.garoweonline.com,EN/SO,Independent news,Independent,Website,,no,4,4,5,3,3,4,2,3.6,Independent outlet strong on Puntland and federal politics.
Sub-Saharan Africa,Somalia,General,Hiiraan Online,https://www.hiiraan.com,EN/SO,News aggregator / analysis,Independent,Website,,no,4,3,5,3,3,4,3,3.6,Long-running Somali news-and-analysis site.
Sub-Saharan Africa,Somalia,General,Radio Ergo,https://radioergo.org,SO/EN,Humanitarian broadcaster,Independent,Website,,no,4,4,4,4,4,4,2,3.7,Humanitarian-focused radio and reporting.
Sub-Saharan Africa,Somalia,Economic,Central Bank of Somalia,https://centralbank.gov.so,EN,Central bank,State / official,Website,,yes,3,3,3,3,3,3,1,2.7,Central bank; rebuilding data capacity.
Sub-Saharan Africa,Chad,General,Alwihda Info,https://www.alwihdainfo.com,FR,Independent news,Independent,Website,,no,4,3,5,3,3,4,2,3.4,Independent news portal.
Sub-Saharan Africa,Chad,General,Tchadinfos,https://tchadinfos.com,FR,News portal,Independent,Website,,no,3,3,5,3,3,4,2,3.3,General news portal.
Sub-Saharan Africa,Congo (Brazzaville),General,Les Dépêches de Brazzaville,https://www.adiac-congo.com,FR,Daily newspaper,Establishment,Website,,no,3,3,5,3,3,4,2,3.3,Daily with close government ties.
Sub-Saharan Africa,Congo (Brazzaville),General,Journal de Brazza,https://www.journaldebrazza.com,FR,Independent news,Independent,Website,,no,3,3,5,3,3,4,2,3.3,Independent news site.
Sub-Saharan Africa,South Sudan,General,Radio Tamazuj,https://www.radiotamazuj.org,EN/AR,Independent broadcaster,Independent (external),Website,,no,5,5,4,4,4,4,3,4.1,Independent radio/news on Sudan and South Sudan.
Sub-Saharan Africa,South Sudan,General,Eye Radio,https://www.eyeradio.org,EN,Independent broadcaster,Independent,Website,,no,4,4,4,4,4,4,2,3.7,Juba-based independent broadcaster.
Sub-Saharan Africa,South Sudan,General,Sudans Post,https://www.sudanspost.com,EN,Independent news,Independent,Website,,no,4,3,5,3,3,4,2,3.4,Independent news site.
Sub-Saharan Africa,Togo,General,Togofirst,https://www.togofirst.com,FR/EN,Business / economy news,Independent,Website,,no,4,3,5,4,4,4,3,3.9,Government-adjacent but useful economy-focused outlet.
Sub-Saharan Africa,Togo,General,L'Alternative,https://www.alternativetogo.com,FR,Independent newspaper,Independent,Website,,no,4,5,3,4,4,3,3,3.7,Independent paper critical of the government.
Sub-Saharan Africa,Sierra Leone,General,Sierra Leone Telegraph,https://www.thesierraleonetelegraph.com,EN,Independent news (diaspora),Independent (external),Website,,no,4,4,4,4,3,4,3,3.7,UK-based independent outlet.
Sub-Saharan Africa,Sierra Leone,General,Politico SL,https://www.politicosl.com,EN,Independent news,Independent,Website,,no,4,4,4,4,4,4,3,3.9,Independent news-and-analysis outlet.
Sub-Saharan Africa,Sierra Leone,Economic,Bank of Sierra Leone,https://www.bsl.gov.sl,EN,Central bank,State / official,Website,,yes,4,3,4,4,4,4,2,3.6,Central bank; monetary and financial data.
Sub-Saharan Africa,Liberia,General,FrontPage Africa,https://frontpageafricaonline.com,EN,Independent daily / investigative,Independent,Website,,no,5,4,4,4,4,4,3,4.0,Leading investigative-minded daily.
Sub-Saharan Africa,Liberia,General,The New Dawn,https://thenewdawnliberia.com,EN,Daily newspaper,Independent,Website,,no,4,3,5,4,4,4,2,3.7,Independent daily.
Sub-Saharan Africa,Liberia,Economic,Central Bank of Liberia,https://www.cbl.org.lr,EN,Central bank,State / official,Website,,yes,4,3,4,4,4,4,2,3.6,Central bank; monetary and financial data.
Sub-Saharan Africa,Central African Republic,General,Radio Ndeke Luka,https://www.radiondekeluka.org,FR,Independent broadcaster,Independent,Website,,no,5,5,4,4,4,4,3,4.1,Fondation Hirondelle radio; a rare independent national voice.
Sub-Saharan Africa,Central African Republic,General,Corbeau News Centrafrique,https://corbeaunews-centrafrique.org,FR,Independent news,Independent,Website,,no,4,4,4,3,3,3,3,3.4,Independent news site.
Sub-Saharan Africa,Mauritania,General,Cridem,https://cridem.org,FR/AR,News aggregator,Independent,Website,,no,3,3,5,3,3,4,2,3.3,Widely-read news aggregator.
Sub-Saharan Africa,Mauritania,General,Sahara Media,https://saharamedias.net,AR/FR,Independent news,Independent,Website,,no,4,3,5,3,3,4,2,3.4,Independent news agency.
Sub-Saharan Africa,Mauritania,General,Le Calame,https://lecalame.info,FR,Independent weekly,Independent,Website,,no,4,4,3,4,4,3,3,3.6,Independent weekly.
Sub-Saharan Africa,Eritrea,General,Eritrea Hub,https://eritreahub.org,EN,Diaspora analysis,Independent (external),Website,,no,4,5,3,4,4,4,4,4.0,Diaspora-run analysis on one of the world's most closed states.
Sub-Saharan Africa,Eritrea,General,Asmarino,https://asmarino.com,EN/TI,Diaspora opposition media,Independent (external),Website,,no,3,4,3,3,3,4,2,3.1,Diaspora opposition news site.
Sub-Saharan Africa,Eritrea,General,Shabait (Ministry of Information),https://shabait.com,EN/TI/AR,State media,State media,Website,,no,2,2,4,1,2,4,1,2.3,Government's official outlet; no independent domestic press exists.
Sub-Saharan Africa,Namibia,General,The Namibian,https://www.namibian.com.na,EN,Daily newspaper,Independent,Website,,no,5,3,5,4,4,4,3,4.0,Namibia's leading independent daily.
Sub-Saharan Africa,Namibia,General,New Era,https://www.neweralive.na,EN,State newspaper,State media,Website,,no,3,2,5,3,3,4,1,3.0,State-owned daily.
Sub-Saharan Africa,Namibia,Economic,Bank of Namibia,https://www.bon.com.na,EN,Central bank,State / official,Website,,yes,4,3,4,4,5,4,2,3.7,Central bank; monetary and financial data.
Sub-Saharan Africa,Namibia,Economic,Namibia Statistics Agency,https://nsa.org.na,EN,Official statistics,State / official,Website,,yes,4,3,3,4,4,4,1,3.3,National statistics agency.
Sub-Saharan Africa,Gambia,General,Foroyaa,https://foroyaa.net,EN,Independent newspaper,Independent,Website,,no,4,4,4,4,4,4,3,3.9,Independent paper with a rights focus.
Sub-Saharan Africa,Gambia,General,The Point,https://thepoint.gm,EN,Independent newspaper,Independent,Website,,no,4,3,4,4,4,4,3,3.7,Independent daily co-founded by the late Deyda Hydara.
Sub-Saharan Africa,Botswana,General,Mmegi,https://www.mmegi.bw,EN,Daily newspaper,Independent,Website,,no,4,3,5,4,4,4,3,3.9,Leading independent daily.
Sub-Saharan Africa,Botswana,General,The Botswana Gazette,https://www.thegazette.news,EN,Independent weekly / investigative,Independent,Website,,no,4,4,3,4,4,4,3,3.7,Independent weekly with investigations.
Sub-Saharan Africa,Botswana,Economic,Bank of Botswana,https://www.bankofbotswana.bw,EN,Central bank,State / official,Website,,yes,4,3,4,4,5,4,2,3.7,Central bank; monetary and financial data.
Sub-Saharan Africa,Botswana,Economic,Statistics Botswana,https://www.statsbots.org.bw,EN,Official statistics,State / official,Website,,yes,4,3,3,4,4,4,1,3.3,National statistics office.
Sub-Saharan Africa,Gabon,General,Gabon Review,https://www.gabonreview.com,FR,Independent news,Independent,Website,,no,4,4,4,4,4,4,3,3.9,Independent news-and-analysis site.
Sub-Saharan Africa,Gabon,General,Gabon Media Time,https://www.gabonmediatime.com,FR,News portal,Independent,Website,,no,3,3,5,3,3,4,2,3.3,General news portal.
Sub-Saharan Africa,Lesotho,General,Lesotho Times,https://lestimes.com,EN,Independent weekly,Independent,Website,,no,4,4,4,4,4,4,3,3.9,Independent weekly.
Sub-Saharan Africa,Lesotho,General,Public Eye,https://www.publiceyenews.com,EN,Independent newspaper,Independent,Website,,no,4,3,4,4,4,4,3,3.7,Independent newspaper.
Sub-Saharan Africa,Lesotho,Economic,Central Bank of Lesotho,https://www.centralbank.org.ls,EN,Central bank,State / official,Website,,yes,4,3,4,4,4,4,2,3.6,Central bank; monetary and financial data.
Sub-Saharan Africa,Eswatini,General,Times of Eswatini,https://www.times.co.sz,EN,Daily newspaper,Independent,Website,,no,3,3,5,3,3,4,2,3.3,Main daily; operates under tight political constraints.
Sub-Saharan Africa,Eswatini,General,Swaziland News,https://www.swazilandnews.co.za,EN,Exile independent news,Independent (external),Website,,no,4,5,4,3,3,4,2,3.6,Exile-run outlet offering rare critical coverage.
Sub-Saharan Africa,Eswatini,Economic,Central Bank of Eswatini,https://www.centralbank.org.sz,EN,Central bank,State / official,Website,,yes,4,3,4,4,4,4,2,3.6,Central bank; monetary and financial data.
Sub-Saharan Africa,Burundi,General,Iwacu,https://www.iwacu-burundi.org,FR/EN,Independent news,Independent,Website,,no,5,5,4,4,4,4,3,4.1,Burundi's main independent voice under severe pressure.
Sub-Saharan Africa,Burundi,General,SOS Médias Burundi,https://www.sosmediasburundi.org,FR,Independent (collective),Independent (external),Website,,no,4,5,4,4,4,4,2,3.9,Anonymous journalists' collective reporting despite the crackdown.
Sub-Saharan Africa,Burundi,General,Yaga,https://www.yaga-burundi.com,FR,Bloggers' collective,Independent,Website,,no,4,4,3,4,4,4,3,3.7,Youth blogging collective on society and rights.
Sub-Saharan Africa,Mauritius,General,L'Express,https://www.lexpress.mu,FR/EN,Daily newspaper,Independent,Website,,no,4,3,5,4,4,4,3,3.9,Leading daily.
Sub-Saharan Africa,Mauritius,General,Le Mauricien,https://www.lemauricien.com,FR/EN,Daily newspaper,Independent,Website,,no,4,3,5,4,4,4,3,3.9,Established national daily.
Sub-Saharan Africa,Mauritius,Economic,Bank of Mauritius,https://www.bom.mu,EN,Central bank,State / official,Website,,yes,4,3,4,4,5,4,2,3.7,Central bank; monetary and financial data.
Sub-Saharan Africa,Mauritius,Economic,Statistics Mauritius,https://statsmauritius.govmu.org,EN,Official statistics,State / official,Website,,yes,4,3,3,4,4,4,1,3.3,National statistics office.
Sub-Saharan Africa,Djibouti,Economic,Banque Centrale de Djibouti,https://banque-centrale.dj,FR,Central bank,State / official,Website,,yes,3,3,3,3,4,3,1,2.9,Central bank; monetary and financial data.
Sub-Saharan Africa,Equatorial Guinea,General,Diario Rombe,https://www.diariorombe.es,ES,Diaspora independent news,Independent (external),Website,,no,3,5,4,3,3,4,2,3.4,Diaspora outlet; virtually no independent domestic press exists.
Sub-Saharan Africa,Equatorial Guinea,General,Ahora EG,https://www.ahoraeg.com,ES,Diaspora independent news,Independent (external),Website,,no,3,4,4,3,3,4,2,3.3,Diaspora news site.
Sub-Saharan Africa,Cape Verde,General,Expresso das Ilhas,https://expressodasilhas.cv,PT,Independent newspaper,Independent,Website,,no,4,3,4,4,4,4,3,3.7,Independent weekly.
Sub-Saharan Africa,Cape Verde,General,A Nação,https://www.anacao.cv,PT,Independent newspaper,Independent,Website,,no,4,3,4,4,4,4,3,3.7,Independent newspaper.
Sub-Saharan Africa,Cape Verde,Economic,Banco de Cabo Verde,https://www.bcv.cv,PT,Central bank,State / official,Website,,yes,4,3,4,4,4,4,2,3.6,Central bank; monetary and financial data.
Sub-Saharan Africa,Guinea-Bissau,General,O Democrata,https://odemocratagb.com,PT,Independent news,Independent,Website,,no,4,4,4,3,3,3,2,3.3,Independent news site.
Sub-Saharan Africa,Guinea-Bissau,General,Bissau Digital,https://bissaudigital.com,PT,News portal,Independent,Website,,no,3,3,4,3,3,4,2,3.1,General news portal.
Sub-Saharan Africa,Seychelles,General,Seychelles News Agency,https://www.seychellesnewsagency.com,EN,News agency,Independent,Website,,no,4,3,5,4,4,5,2,3.9,English-language national news agency.
Sub-Saharan Africa,Seychelles,General,Seychelles Nation,https://www.nation.sc,EN,State newspaper,State media,Website,,no,3,2,5,3,3,4,1,3.0,State-owned daily.
Sub-Saharan Africa,Seychelles,Economic,Central Bank of Seychelles,https://www.cbs.sc,EN,Central bank,State / official,Website,,yes,4,3,4,4,4,4,2,3.6,Central bank; monetary and financial data.
Sub-Saharan Africa,Comoros,General,Al-Watwan,https://alwatwan.net,FR/AR,State newspaper,State media,Website,,no,3,2,5,2,3,4,1,2.9,State-owned daily.
Sub-Saharan Africa,Comoros,General,La Gazette des Comores,https://lagazettedescomores.com,FR,Independent newspaper,Independent,Website,,no,3,3,4,3,3,4,2,3.1,One of the few independent papers.
Sub-Saharan Africa,São Tomé and Príncipe,General,Téla Nón,https://www.telanon.info,PT,Independent news,Independent,Website,,no,4,4,4,4,4,4,3,3.9,Main independent news site.
Sub-Saharan Africa,São Tomé and Príncipe,Economic,Banco Central de São Tomé e Príncipe,https://www.bcstp.st,PT,Central bank,State / official,Website,,yes,4,3,3,4,4,4,2,3.4,Central bank; monetary and financial data.
Sub-Saharan Africa,Tanzania,Economic,National Bureau of Statistics (Tanzania),https://www.nbs.go.tz,EN,Official statistics,State / official,Website,,yes,4,3,3,4,4,4,1,3.3,National statistics bureau.
Sub-Saharan Africa,Gambia,General,The Standard (Gambia),https://standard.gm,EN,Independent newspaper,Independent,Website,,no,4,3,4,4,4,4,3,3.7,Independent daily.
Sub-Saharan Africa,Djibouti,General,La Nation (Djibouti),https://www.lanation.dj,FR,State newspaper,State media,Website,,no,2,2,5,2,3,4,1,2.7,State-owned daily; little independent press exists.
Asia,India,General,The Hindu,https://www.thehindu.com,EN,Daily newspaper,Independent,Website,,no,5,3,5,4,4,4,4,4.1,Paper of record; strong on policy and the south.
Asia,India,General,The Indian Express,https://indianexpress.com,EN,Daily newspaper,Independent,Website,,no,5,4,5,4,4,4,3,4.1,Daily known for investigations and accountability reporting.
Asia,India,General,Scroll.in,https://scroll.in,EN,Independent digital news,Independent,Website,,no,5,4,4,5,4,4,4,4.3,"Independent site; politics, culture, and long-form."
Asia,India,General,The Wire,https://thewire.in,EN,Independent nonprofit news,Independent,Website,,no,5,4,4,5,4,4,4,4.3,Nonprofit news-and-opinion site; frequent scoops under legal pressure.
Asia,India,General,The Print,https://theprint.in,EN,Independent digital news,Independent,Website,,no,4,4,5,4,4,4,3,4.0,"Digital-native outlet; politics, defence, and governance."
Asia,India,General,Newslaundry,https://www.newslaundry.com,EN,Media critique / independent,Independent,Website,,no,4,4,4,5,4,4,3,4.0,Subscriber-funded media criticism and reporting.
Asia,India,Security,The Reporters' Collective,https://www.reporters-collective.in,EN,Investigative nonprofit,Independent,Website,,no,5,5,3,5,5,4,4,4.4,Nonprofit doing deep public-interest investigations.
Asia,India,Political,Alt News,https://www.altnews.in,EN,Fact-checking,Independent,Website,,no,5,4,4,5,5,4,3,4.3,Independent fact-checking initiative debunking disinformation.
Asia,India,Political,PRS Legislative Research,https://prsindia.org,EN,Legislative research / data,Independent,Website,,yes,5,4,3,5,5,4,3,4.1,"Nonpartisan analysis of bills, budgets, and Parliament."
Asia,India,Political,Observer Research Foundation,https://www.orfonline.org,EN,Policy think tank,Independent,Website,,no,4,3,4,4,4,5,4,4.0,"Major think tank on foreign, economic, and security policy."
Asia,India,Economic,Reserve Bank of India,https://www.rbi.org.in,EN,Central bank,State / official,Website,,yes,5,3,4,4,5,4,2,3.9,Central bank; monetary and financial data.
Asia,India,Economic,MoSPI,https://www.mospi.gov.in,EN,Official statistics,State / official,Website,,yes,4,3,3,4,5,4,1,3.4,Ministry of Statistics; national accounts and surveys.
Asia,India,Societal,Lokniti-CSDS,https://www.lokniti.org,EN,Election / opinion research,Independent,Website,,yes,5,5,3,5,5,4,4,4.4,CSDS survey programme; the reference for Indian electoral studies.
Asia,Indonesia,General,Tempo,https://en.tempo.co,ID/EN,News magazine / investigative,Independent,Website,,no,5,4,4,4,4,4,4,4.1,Leading independent magazine known for investigations.
Asia,Indonesia,General,Kompas,https://www.kompas.com,ID,Daily newspaper,Independent,Website,,no,4,3,5,4,4,4,3,3.9,Largest quality daily.
Asia,Indonesia,General,Tirto,https://tirto.id,ID,Data-driven digital news,Independent,Website,,no,4,4,4,4,4,4,4,4.0,"Explanatory, data-driven journalism and fact-checks."
Asia,Indonesia,General,The Jakarta Post,https://www.thejakartapost.com,EN,Daily newspaper,Independent,Website,,no,4,3,5,4,4,4,3,3.9,Leading English daily.
Asia,Indonesia,Security,Project Multatuli,https://projectmultatuli.org,ID,Public-interest investigative,Independent,Website,,no,5,5,3,5,4,4,4,4.3,Nonprofit reporting on the marginalized and abuses of power.
Asia,Indonesia,Political,Mafindo / CekFakta,https://cekfakta.com,ID,Fact-checking network,Independent,Website,,no,4,4,4,5,4,4,3,4.0,Collaborative fact-checking network.
Asia,Indonesia,Economic,Bank Indonesia,https://www.bi.go.id,ID/EN,Central bank,State / official,Website,,yes,5,3,4,4,5,4,2,3.9,Central bank; monetary and financial data.
Asia,Indonesia,Economic,BPS (Statistics Indonesia),https://www.bps.go.id,ID/EN,Official statistics,State / official,Website,,yes,4,3,3,4,5,4,1,3.4,National statistics agency.
Asia,Pakistan,General,Dawn,https://www.dawn.com,EN,Daily newspaper,Independent,Website,,no,5,4,5,4,4,4,4,4.3,Pakistan's paper of record; public-interest journalism.
Asia,Pakistan,General,The News International,https://www.thenews.com.pk,EN,Daily newspaper,Independent,Website,,no,4,3,5,4,4,4,3,3.9,Major English daily.
Asia,Pakistan,General,The Express Tribune,https://tribune.com.pk,EN,Daily newspaper,Independent,Website,,no,4,3,5,4,4,4,3,3.9,English daily (formerly IHT partner).
Asia,Pakistan,General,Geo News,https://www.geo.tv,UR/EN,Broadcaster / news,Independent,Website,,no,3,3,5,3,3,4,2,3.3,Largest news broadcaster.
Asia,Pakistan,Political,Soch Fact Check,https://www.sochfactcheck.com,EN/UR,Fact-checking,Independent,Website,,no,5,4,4,5,5,4,3,4.3,Independent fact-checking outlet.
Asia,Pakistan,Economic,State Bank of Pakistan,https://www.sbp.org.pk,EN,Central bank,State / official,Website,,yes,4,3,4,4,5,4,2,3.7,Central bank; monetary and financial data.
Asia,Pakistan,Economic,Pakistan Bureau of Statistics,https://www.pbs.gov.pk,EN,Official statistics,State / official,Website,,yes,4,3,3,4,4,4,1,3.3,National statistics bureau.
Asia,Bangladesh,General,The Daily Star,https://www.thedailystar.net,EN,Daily newspaper,Independent,Website,,no,5,3,5,4,4,4,3,4.0,Leading English daily; benchmark for quality.
Asia,Bangladesh,General,Prothom Alo,https://en.prothomalo.com,BN/EN,Daily newspaper,Independent,Website,,no,5,4,5,4,4,4,3,4.1,Largest-circulation daily; strong reporting.
Asia,Bangladesh,General,Netra News,https://netra.news,BN/EN,Investigative (exile),Independent (exile),Website,,no,5,5,3,4,5,4,4,4.3,Sweden-based investigative platform on Bangladesh.
Asia,Bangladesh,General,bdnews24,https://bdnews24.com,BN/EN,Digital news,Independent,Website,,no,4,3,5,4,3,4,2,3.6,Pioneering online news outlet.
Asia,Bangladesh,Political,Rumor Scanner,https://www.rumorscanner.com,BN/EN,Fact-checking,Independent,Website,,no,4,4,4,5,5,4,3,4.1,Independent fact-checking outlet.
Asia,Bangladesh,Economic,Bangladesh Bank,https://www.bb.org.bd,EN,Central bank,State / official,Website,,yes,4,3,4,4,5,4,2,3.7,Central bank; monetary and financial data.
Asia,Bangladesh,Economic,Bangladesh Bureau of Statistics,https://www.bbs.gov.bd,EN,Official statistics,State / official,Website,,yes,4,3,3,4,4,4,1,3.3,National statistics bureau.
Asia,Japan,General,The Japan Times,https://www.japantimes.co.jp,EN,Daily newspaper,Independent,Website,,no,4,3,5,4,4,4,3,3.9,Japan's leading English daily.
Asia,Japan,General,The Asahi Shimbun,https://www.asahi.com/ajw,JA/EN,Daily newspaper,Independent,Website,,no,5,3,5,4,4,4,4,4.1,Major national daily; English 'Asia & Japan Watch'.
Asia,Japan,General,The Mainichi,https://mainichi.jp/english,JA/EN,Daily newspaper,Independent,Website,,no,4,3,5,4,4,4,3,3.9,National daily with English edition.
Asia,Japan,General,NHK World,https://www3.nhk.or.jp/nhkworld,JA/EN,Public broadcaster,Public broadcaster,Website,,no,5,3,5,4,4,5,3,4.1,Public broadcaster's international service.
Asia,Japan,Security,The Diplomat,https://thediplomat.com,EN,Asia-Pacific analysis,Independent (external),Website,,no,4,4,4,4,4,5,5,4.3,Analysis magazine covering Asia-Pacific politics and security.
Asia,Japan,Economic,Nikkei Asia,https://asia.nikkei.com,EN,Business / economy,Independent,Website,,no,5,4,5,4,4,3,4,4.1,Nikkei's pan-Asian business publication.
Asia,Japan,Economic,Bank of Japan,https://www.boj.or.jp/en,JA/EN,Central bank,State / official,Website,,yes,5,3,4,5,5,4,2,4.0,Central bank; monetary and financial data.
Asia,Japan,Economic,Statistics Bureau of Japan,https://www.stat.go.jp/english,JA/EN,Official statistics,State / official,Website,,yes,5,3,3,4,5,4,1,3.6,National statistics bureau.
Asia,Philippines,General,Rappler,https://www.rappler.com,EN,Independent digital news,Independent,Website,,no,5,4,5,5,4,4,4,4.4,Independent outlet led by Nobel laureate Maria Ressa.
Asia,Philippines,General,Philippine Daily Inquirer,https://www.inquirer.net,EN,Daily newspaper,Independent,Website,,no,4,3,5,4,4,4,3,3.9,Leading national daily.
Asia,Philippines,Security,PCIJ,https://pcij.org,EN,Investigative nonprofit,Independent,Website,,no,5,5,3,5,5,4,4,4.4,Philippine Center for Investigative Journalism.
Asia,Philippines,Political,VERA Files,https://verafiles.org,EN,Fact-checking / investigative,Independent,Website,,no,5,4,4,5,5,4,3,4.3,Nonprofit fact-checking and investigations.
Asia,Philippines,Economic,Bangko Sentral ng Pilipinas,https://www.bsp.gov.ph,EN,Central bank,State / official,Website,,yes,5,3,4,4,5,4,2,3.9,Central bank; monetary and financial data.
Asia,Philippines,Economic,Philippine Statistics Authority,https://psa.gov.ph,EN,Official statistics,State / official,Website,,yes,4,3,3,4,5,4,1,3.4,National statistics authority.
Asia,Vietnam,General,VnExpress,https://vnexpress.net,VI/EN,Digital news,Establishment,Website,,no,4,3,5,3,3,4,2,3.4,Most-read outlet; operates within state media rules.
Asia,Vietnam,General,Tuoi Tre,https://tuoitre.vn,VI,Daily newspaper,Establishment,Website,,no,3,3,5,3,3,4,2,3.3,Popular daily; comparatively assertive within limits.
Asia,Vietnam,General,VietnamNet,https://vietnamnet.vn,VI/EN,State-linked online news,State media,Website,,no,3,2,5,2,3,4,1,2.9,State-linked outlet; the official line.
Asia,Vietnam,Political,The 88 Project,https://the88project.org,EN,Rights monitoring (exile),Independent (exile),Website,,yes,5,5,3,5,5,4,3,4.3,Documents political prisoners and rights abuses in Vietnam.
Asia,Vietnam,Economic,State Bank of Vietnam,https://www.sbv.gov.vn,VI/EN,Central bank,State / official,Website,,yes,4,3,4,3,4,4,2,3.4,Central bank; monetary and financial data.
Asia,Vietnam,Economic,General Statistics Office,https://www.gso.gov.vn,VI/EN,Official statistics,State / official,Website,,yes,3,3,3,3,4,4,1,3.0,National statistics office.
North Africa & Middle East,Iran,General,IranWire,https://iranwire.com,FA/EN,Independent (diaspora + citizen),Independent (exile),Website,,no,4,5,4,4,4,3,4,4.0,Diaspora-and-citizen journalism on Iran.
North Africa & Middle East,Iran,General,Radio Farda,https://www.radiofarda.com,FA,Broadcaster (RFE/RL),Independent (external),Website,,no,4,4,5,4,4,3,3,3.9,RFE/RL's Persian service.
North Africa & Middle East,Iran,General,Iran International,https://www.iranintl.com,FA/EN,Broadcaster (exile),Independent (exile),Website,,no,3,4,5,3,3,4,2,3.4,Widely-watched exile broadcaster; contested funding.
North Africa & Middle East,Iran,Security,Amwaj.media,https://amwaj.media,EN/AR/FA,Middle East analysis,Independent,Website,,no,5,5,3,5,4,4,5,4.4,"Sourced analysis of Iran, Iraq, and the Gulf."
North Africa & Middle East,Iran,General,IRNA,https://en.irna.ir,FA/EN,State news agency,State media,Website,,no,2,2,5,2,3,4,1,2.7,Official state news agency; the government's line.
North Africa & Middle East,Iran,Economic,Central Bank of Iran,https://www.cbi.ir,FA/EN,Central bank,State / official,Website,,yes,3,3,3,2,3,4,1,2.7,Central bank; data delayed and politically shaped.
North Africa & Middle East,Iran,Economic,Statistical Centre of Iran,https://www.amar.org.ir,FA/EN,Official statistics,State / official,Website,,yes,3,3,3,3,4,3,1,2.9,National statistics centre.
North Africa & Middle East,Turkey,General,Cumhuriyet,https://www.cumhuriyet.com.tr,TR,Daily newspaper,Independent,Website,,no,4,3,5,4,4,4,3,3.9,Secular opposition daily under legal pressure.
North Africa & Middle East,Turkey,General,Bianet,https://bianet.org/english,TR/EN,Independent news / rights,Independent,Website,,no,5,4,4,5,4,4,3,4.1,Independent outlet with a rights and press-freedom focus.
North Africa & Middle East,Turkey,General,Diken,https://www.diken.com.tr,TR,Independent digital news,Independent,Website,,no,4,4,5,4,3,4,3,3.9,Independent news-and-commentary site.
North Africa & Middle East,Turkey,General,T24,https://t24.com.tr,TR,Independent digital news,Independent,Website,,no,4,3,5,4,4,4,3,3.9,Independent digital daily.
North Africa & Middle East,Turkey,General,Daily Sabah,https://www.dailysabah.com,EN/TR,Pro-government daily,Pro-government,Website,,no,2,3,5,2,3,4,2,3.0,Pro-government English daily; useful for the official line.
North Africa & Middle East,Turkey,Political,Teyit,https://teyit.org,TR,Fact-checking,Independent,Website,,no,5,4,4,5,5,4,3,4.3,Leading Turkish fact-checking organization.
North Africa & Middle East,Turkey,Economic,Central Bank (TCMB),https://www.tcmb.gov.tr,TR/EN,Central bank,State / official,Website,,yes,4,3,4,3,5,4,2,3.6,Central bank; monetary data amid policy volatility.
North Africa & Middle East,Turkey,Economic,TÜİK (TurkStat),https://www.tuik.gov.tr,TR/EN,Official statistics,State / official,Website,,yes,3,3,3,3,4,4,1,3.0,National statistics institute; inflation methodology disputed.
Asia,Thailand,General,Prachatai English,https://prachataienglish.com,TH/EN,Independent news,Independent,Website,,no,5,4,4,5,4,4,3,4.1,Independent nonprofit outlet on rights and politics.
Asia,Thailand,General,Bangkok Post,https://www.bangkokpost.com,EN,Daily newspaper,Independent,Website,,no,4,3,5,4,4,4,3,3.9,Leading English daily.
Asia,Thailand,General,Khaosod English,https://www.khaosodenglish.com,EN,Digital news,Independent,Website,,no,4,4,5,4,3,4,2,3.7,Assertive English-language news.
Asia,Thailand,General,The Isaan Record,https://theisaanrecord.co,TH/EN,Regional / rights media,Independent,Website,,no,4,5,3,4,4,4,4,4.0,Independent coverage of the north-east and rural politics.
Asia,Thailand,Economic,Bank of Thailand,https://www.bot.or.th,TH/EN,Central bank,State / official,Website,,yes,5,3,4,4,5,4,2,3.9,Central bank; monetary and financial data.
Asia,Myanmar,General,The Irrawaddy,https://www.irrawaddy.com,MY/EN,Independent news,Independent (exile),Website,,no,5,5,5,4,4,4,4,4.4,Veteran independent outlet; broad post-coup coverage.
Asia,Myanmar,General,Myanmar Now,https://myanmar-now.org,MY/EN,Investigative,Independent (exile),Website,,no,5,5,4,4,5,4,4,4.4,Investigative outlet; license revoked after the 2021 coup.
Asia,Myanmar,General,Frontier Myanmar,https://www.frontiermyanmar.net,EN,Independent news / analysis,Independent,Website,,no,5,4,4,4,4,4,4,4.1,"In-depth analysis of politics, economy, and conflict."
Asia,Myanmar,General,DVB,https://english.dvb.no,MY/EN,Broadcaster (exile),Independent (exile),Website,,no,4,4,5,4,4,4,2,3.9,Democratic Voice of Burma; long-running exile broadcaster.
Asia,Myanmar,Economic,Central Bank of Myanmar,https://www.cbm.gov.mm,MY/EN,Central bank,State / official,Website,,yes,3,3,3,2,3,3,1,2.6,Central bank; data limited under military rule.
Asia,South Korea,General,The Hankyoreh,https://english.hani.co.kr,KO/EN,Daily newspaper,Independent,Website,,no,5,4,5,4,4,4,4,4.3,Reader-owned centre-left daily; strong investigations.
Asia,South Korea,General,The Korea Herald,https://www.koreaherald.com,EN,Daily newspaper,Independent,Website,,no,4,3,5,4,4,4,3,3.9,Leading English daily.
Asia,South Korea,General,Yonhap News,https://en.yna.co.kr,KO/EN,News agency,Establishment,Website,,no,4,3,5,3,4,5,2,3.7,National news agency; fast and broad.
Asia,South Korea,Security,Newstapa,https://newstapa.org,KO,Investigative nonprofit,Independent,Website,,no,5,5,3,5,5,4,4,4.4,Korea Center for Investigative Journalism; member-funded.
Asia,South Korea,Economic,Bank of Korea,https://www.bok.or.kr,KO/EN,Central bank,State / official,Website,,yes,5,3,4,5,5,4,2,4.0,Central bank; monetary and financial data.
Asia,South Korea,Economic,Statistics Korea,https://kostat.go.kr,KO/EN,Official statistics,State / official,Website,,yes,5,3,3,4,5,4,1,3.6,National statistics office.
North Africa & Middle East,Iraq,General,964media,https://en.964media.com,AR/KU/EN,Independent news,Independent,Website,,no,4,4,5,4,4,4,3,4.0,Independent multimedia network across Iraq.
North Africa & Middle East,Iraq,General,Rudaw,https://www.rudaw.net,KU/AR/EN,Broadcaster / news,Establishment,Website,,no,4,4,5,3,3,4,3,3.7,Kurdistan-based network; broad regional coverage.
North Africa & Middle East,Iraq,General,Kurdistan24,https://www.kurdistan24.net,KU/AR/EN,Broadcaster / news,Establishment,Website,,no,3,3,5,3,3,4,2,3.3,Kurdistan-based news network.
North Africa & Middle East,Iraq,General,Iraqi News Agency (INA),https://ina.iq/eng,AR/EN,State news agency,State media,Website,,no,3,2,5,2,3,4,1,2.9,Official state agency.
North Africa & Middle East,Iraq,Economic,Central Bank of Iraq,https://cbi.iq,AR/EN,Central bank,State / official,Website,,yes,4,3,4,3,4,4,2,3.4,Central bank; monetary and FX data.
Asia,Afghanistan,General,TOLOnews,https://tolonews.com,FA/PS/EN,Broadcaster / news,Independent,Website,,no,4,4,5,4,4,4,3,4.0,Leading broadcaster reporting under Taliban constraints.
Asia,Afghanistan,General,Afghanistan International,https://www.afintl.com,FA/PS/EN,Broadcaster (exile),Independent (exile),Website,,no,4,4,5,3,4,4,2,3.7,Exile broadcaster covering Afghanistan.
Asia,Afghanistan,General,Etilaatroz,https://www.etilaatroz.com,FA/EN,Investigative (exile),Independent (exile),Website,,no,5,5,3,4,5,4,4,4.3,"Award-winning investigative daily, now largely in exile."
Asia,Afghanistan,General,KabulNow,https://kabulnow.com,FA/EN,Independent news,Independent (exile),Website,,no,4,4,4,4,4,4,3,3.9,Independent English-and-Persian outlet.
Asia,Afghanistan,Economic,Da Afghanistan Bank,https://dab.gov.af,EN,Central bank,State / official,Website,,yes,2,3,3,2,3,3,1,2.4,Central bank under Taliban control; data limited.
North Africa & Middle East,Saudi Arabia,General,Arab News,https://www.arabnews.com,EN,Daily newspaper,Establishment,Website,,no,3,3,5,3,3,5,2,3.4,Establishment English daily; reflects official priorities.
North Africa & Middle East,Saudi Arabia,General,Saudi Gazette,https://saudigazette.com.sa,EN,Daily newspaper,Establishment,Website,,no,3,3,5,3,3,4,2,3.3,Establishment English daily.
North Africa & Middle East,Saudi Arabia,General,Saudi Press Agency (SPA),https://www.spa.gov.sa/en,AR/EN,State news agency,State media,Website,,no,3,2,5,2,3,4,1,2.9,Official state agency; no independent domestic press exists.
North Africa & Middle East,Saudi Arabia,Economic,Saudi Central Bank (SAMA),https://www.sama.gov.sa,AR/EN,Central bank,State / official,Website,,yes,4,3,4,4,5,4,2,3.7,Central bank; monetary and financial data.
North Africa & Middle East,Saudi Arabia,Economic,GASTAT,https://www.stats.gov.sa,AR/EN,Official statistics,State / official,Website,,yes,4,3,3,4,4,4,1,3.3,General Authority for Statistics.
Asia,Uzbekistan,General,Gazeta.uz,https://www.gazeta.uz,UZ/RU/EN,Independent digital news,Independent,Website,,no,4,4,4,4,4,4,3,3.9,Leading independent-leaning news site.
Asia,Uzbekistan,General,Kun.uz,https://kun.uz,UZ/RU/EN,Digital news,Independent,Website,,no,4,3,5,3,3,4,2,3.4,Popular news outlet.
Asia,Uzbekistan,General,Hook.report,https://hook.report,RU/EN,Independent analysis,Independent,Website,,no,4,5,3,4,4,4,4,4.0,Independent analysis of Uzbek society and politics.
Asia,Uzbekistan,Economic,Central Bank of Uzbekistan,https://cbu.uz,UZ/RU/EN,Central bank,State / official,Website,,yes,4,3,4,3,4,4,2,3.4,Central bank; monetary and financial data.
Asia,Uzbekistan,Economic,Statistics Agency of Uzbekistan,https://stat.uz,UZ/RU/EN,Official statistics,State / official,Website,,yes,3,3,3,3,4,4,1,3.0,National statistics agency.
Asia,Malaysia,General,Malaysiakini,https://www.malaysiakini.com,EN/MS/ZH,Independent digital news,Independent,Website,,no,5,4,5,4,4,3,3,4.0,Subscriber-funded independent outlet.
Asia,Malaysia,General,Free Malaysia Today,https://www.freemalaysiatoday.com,EN/MS,Digital news,Independent,Website,,no,4,3,5,4,3,4,2,3.6,Independent news portal.
Asia,Malaysia,General,Malay Mail,https://www.malaymail.com,EN,Digital news,Independent,Website,,no,4,3,5,4,3,4,2,3.6,Digital news outlet.
Asia,Malaysia,Economic,Bank Negara Malaysia,https://www.bnm.gov.my,EN/MS,Central bank,State / official,Website,,yes,5,3,4,4,5,4,2,3.9,Central bank; monetary and financial data.
Asia,Malaysia,Economic,DOSM (Statistics),https://www.dosm.gov.my,EN/MS,Official statistics,State / official,Website,,yes,4,3,3,4,5,4,1,3.4,Department of Statistics Malaysia.
North Africa & Middle East,Yemen,Security,Sana'a Center,https://sanaacenter.org,EN/AR,Policy research / analysis,Independent,Website,,no,5,5,3,5,5,4,5,4.6,"Leading think tank on Yemen's war, economy, and politics."
North Africa & Middle East,Yemen,General,Al-Masdar Online,https://almasdaronline.com,AR/EN,Independent news,Independent,Website,,no,4,4,4,3,3,4,3,3.6,Independent news outlet.
North Africa & Middle East,Yemen,General,Yemen Monitor,https://www.yemenmonitor.com,AR/EN,Independent news,Independent,Website,,no,3,4,4,3,3,4,2,3.3,Independent news site.
Asia,Nepal,General,The Kathmandu Post,https://kathmandupost.com,EN,Daily newspaper,Independent,Website,,no,5,3,5,4,4,4,3,4.0,Nepal's largest English daily.
Asia,Nepal,General,Nepali Times,https://www.nepalitimes.com,EN,Weekly / digital,Independent,Website,,no,4,4,4,4,4,4,4,4.0,Long-running independent weekly.
Asia,Nepal,General,Online Khabar,https://english.onlinekhabar.com,NE/EN,Digital news,Independent,Website,,no,4,3,5,4,3,4,2,3.6,Popular digital news outlet.
Asia,Nepal,Security,CIJ Nepal,https://cijnepal.org.np,NE/EN,Investigative nonprofit,Independent,Website,,no,5,5,3,5,4,4,4,4.3,Centre for Investigative Journalism.
Asia,Nepal,Economic,Nepal Rastra Bank,https://www.nrb.org.np,EN,Central bank,State / official,Website,,yes,4,3,4,4,4,4,2,3.6,Central bank; monetary and financial data.
Asia,North Korea,General,NK News,https://www.nknews.org,EN,Specialist news / analysis,Independent (external),Website,,no,5,5,4,4,4,3,4,4.1,Authoritative specialist news on North Korea.
Asia,North Korea,General,Daily NK,https://www.dailynk.com,KO/EN,Specialist news (in-country sources),Independent (external),Website,,no,4,5,4,4,4,4,3,4.0,Seoul-based outlet with in-country informant network.
Asia,North Korea,Security,38 North,https://www.38north.org,EN,Analysis / OSINT,Independent (external),Website,,no,5,5,3,5,5,4,5,4.6,Expert analysis and satellite-imagery OSINT on North Korea.
Asia,North Korea,General,KCNA Watch,https://kcnawatch.org,KO/EN,State-media mirror,State media,Website,,no,2,3,4,2,3,4,1,2.7,Mirror of North Korean state media; the regime's own words.
Asia,Sri Lanka,General,Daily Mirror,https://www.dailymirror.lk,EN,Daily newspaper,Independent,Website,,no,4,3,5,4,4,4,3,3.9,Leading English daily.
Asia,Sri Lanka,General,Daily FT,https://www.ft.lk,EN,Business daily,Independent,Website,,no,4,3,5,4,4,4,4,4.0,Business-and-economy daily.
Asia,Sri Lanka,General,Groundviews,https://groundviews.org,EN,Citizen journalism / rights,Independent,Website,,no,5,5,3,5,4,4,4,4.3,Award-winning citizen-journalism platform.
Asia,Sri Lanka,Economic,EconomyNext,https://economynext.com,EN,Business / economy news,Independent,Website,,no,4,4,4,4,4,4,4,4.0,Independent economy-focused outlet.
Asia,Sri Lanka,Economic,Central Bank of Sri Lanka,https://www.cbsl.gov.lk,EN,Central bank,State / official,Website,,yes,4,3,4,4,5,4,2,3.7,Central bank; monetary and financial data.
Asia,Kazakhstan,General,Vlast.kz,https://vlast.kz,KK/RU,Independent analytical journal,Independent,Website,,no,5,5,4,5,4,4,4,4.4,One of the few independent outlets; analysis and reporting.
Asia,Kazakhstan,General,Orda,https://orda.kz,KK/RU,Independent news,Independent,Website,,no,4,4,4,4,4,4,3,3.9,Independent news-and-investigations site.
Asia,Kazakhstan,General,Eurasianet,https://eurasianet.org,EN,Regional analysis (external),Independent (external),Website,,no,5,4,4,5,4,5,4,4.4,US-based outlet on Central Asia and the Caucasus.
Asia,Kazakhstan,Economic,National Bank of Kazakhstan,https://www.nationalbank.kz,KK/RU/EN,Central bank,State / official,Website,,yes,4,3,4,3,4,4,2,3.4,Central bank; monetary and financial data.
Asia,Kazakhstan,Economic,Bureau of National Statistics,https://stat.gov.kz,KK/RU/EN,Official statistics,State / official,Website,,yes,3,3,3,3,4,4,1,3.0,National statistics bureau.
North Africa & Middle East,Syria,General,Enab Baladi,https://english.enabbaladi.net,AR/EN,Independent news,Independent,Website,,no,4,5,4,4,4,4,3,4.0,Outlet born of the 2011 uprising; broad Syria coverage.
North Africa & Middle East,Syria,General,Syria Direct,https://syriadirect.org,EN/AR,Independent news / training,Independent (external),Website,,no,5,5,3,5,4,4,4,4.3,Berlin-based independent Syria coverage.
North Africa & Middle East,Syria,Economic,The Syria Report,https://www.syria-report.com,EN,Economic news / data,Independent,Website,,no,5,5,3,5,4,3,5,4.3,Specialist economic-and-business intelligence on Syria.
North Africa & Middle East,Syria,General,SANA,https://www.sana.sy,AR/EN,State news agency,State media,Website,,no,2,2,5,2,2,4,1,2.6,State news agency; the government's line.
Asia,Cambodia,General,CamboJA News,https://cambojanews.com,KH/EN,Independent news,Independent,Website,,no,5,5,4,5,4,4,3,4.3,One of the last independent outlets after the 2017-23 crackdown.
Asia,Cambodia,General,Phnom Penh Post,https://www.phnompenhpost.com,EN,Daily newspaper,Establishment,Website,,no,3,3,5,3,3,4,2,3.3,Historic daily; independence eroded after 2018 sale.
Asia,Cambodia,General,Khmer Times,https://www.khmertimeskh.com,EN,Daily newspaper,Pro-government,Website,,no,2,2,5,2,3,4,1,2.7,Pro-government English daily.
Asia,Cambodia,Economic,National Bank of Cambodia,https://www.nbc.gov.kh,KH/EN,Central bank,State / official,Website,,yes,4,3,4,4,4,4,2,3.6,Central bank; monetary and financial data.
North Africa & Middle East,Jordan,General,The Jordan Times,https://www.jordantimes.com,EN,Daily newspaper,Establishment,Website,,no,3,3,5,3,3,4,2,3.3,Establishment English daily.
North Africa & Middle East,Jordan,General,7iber,https://www.7iber.com,AR/EN,Independent digital / investigative,Independent,Website,,no,5,5,3,5,4,4,4,4.3,"Independent outlet on rights, economy, and society."
North Africa & Middle East,Jordan,General,Ammon News,https://en.ammonnews.net,AR/EN,News portal,Independent,Website,,no,3,3,5,3,3,4,2,3.3,Popular news portal.
North Africa & Middle East,Jordan,Economic,Central Bank of Jordan,https://www.cbj.gov.jo,AR/EN,Central bank,State / official,Website,,yes,4,3,4,4,5,4,2,3.7,Central bank; monetary and financial data.
North Africa & Middle East,Jordan,Economic,Department of Statistics,https://dosweb.dos.gov.jo,AR/EN,Official statistics,State / official,Website,,yes,4,3,3,4,4,4,1,3.3,National statistics department.
Asia,Azerbaijan,General,Meydan TV,https://www.meydan.tv,AZ/EN/RU,Independent broadcaster (exile),Independent (exile),Website,,no,4,5,4,4,4,4,3,4.0,Berlin-based; a leading independent voice under crackdown.
Asia,Azerbaijan,General,Abzas Media,https://abzas.org,AZ/EN,Investigative,Independent,Website,,no,5,5,3,5,5,3,4,4.3,Investigative outlet; staff jailed in 2023-24.
Asia,Azerbaijan,General,Turan,https://www.turan.az,AZ/EN/RU,Independent news agency,Independent,Website,,no,4,4,4,4,4,3,3,3.7,One of the last independent agencies.
Asia,Azerbaijan,Economic,Central Bank of Azerbaijan,https://www.cbar.az,AZ/EN,Central bank,State / official,Website,,yes,4,3,4,3,4,4,2,3.4,Central bank; monetary and financial data.
North Africa & Middle East,United Arab Emirates,General,The National,https://www.thenationalnews.com,EN,Daily newspaper,Establishment,Website,,no,3,3,5,3,3,5,3,3.6,Abu Dhabi-owned English daily; polished but state-aligned.
North Africa & Middle East,United Arab Emirates,General,Gulf News,https://gulfnews.com,EN,Daily newspaper,Establishment,Website,,no,3,3,5,3,3,4,2,3.3,Establishment English daily.
North Africa & Middle East,United Arab Emirates,General,Khaleej Times,https://www.khaleejtimes.com,EN,Daily newspaper,Establishment,Website,,no,3,3,5,3,3,4,2,3.3,Establishment English daily.
North Africa & Middle East,United Arab Emirates,Economic,Central Bank of the UAE,https://www.centralbank.ae,AR/EN,Central bank,State / official,Website,,yes,4,3,4,4,5,4,2,3.7,Central bank; monetary and financial data.
Asia,Tajikistan,General,Asia-Plus,https://asiaplustj.info,TG/RU/EN,Independent news,Independent,Website,,no,4,4,4,4,4,4,3,3.9,Leading independent-leaning outlet under pressure.
Asia,Tajikistan,General,Radio Ozodi,https://www.ozodi.org,TG/RU,Broadcaster (RFE/RL),Independent (external),Website,,no,4,4,5,4,4,3,3,3.9,RFE/RL's Tajik service; a key independent source.
Asia,Tajikistan,Economic,National Bank of Tajikistan,https://nbt.tj,TG/RU/EN,Central bank,State / official,Website,,yes,3,3,3,3,4,3,1,2.9,Central bank; monetary and financial data.
North Africa & Middle East,Israel,General,Haaretz,https://www.haaretz.com,HE/EN,Daily newspaper,Independent,Website,,no,5,4,5,4,4,3,4,4.1,Liberal paper of record; strong investigations.
North Africa & Middle East,Israel,General,The Times of Israel,https://www.timesofisrael.com,EN,Digital news,Independent,Website,,no,4,3,5,4,4,5,3,4.0,Widely-read English news site.
North Africa & Middle East,Israel,General,+972 Magazine,https://www.972mag.com,EN,Independent (Israeli-Palestinian),Independent,Website,,no,5,5,3,5,4,4,4,4.3,Nonprofit run by Palestinian and Israeli journalists.
North Africa & Middle East,Israel,Societal,Israel Democracy Institute,https://en.idi.org.il,HE/EN,Think tank / survey,Independent,Website,,yes,5,4,3,5,5,4,5,4.4,Nonpartisan institute; the Israeli Democracy Index.
North Africa & Middle East,Israel,Economic,Bank of Israel,https://www.boi.org.il,HE/EN,Central bank,State / official,Website,,yes,5,3,4,5,5,4,2,4.0,Central bank; monetary and financial data.
North Africa & Middle East,Israel,Economic,Central Bureau of Statistics,https://www.cbs.gov.il,HE/EN,Official statistics,State / official,Website,,yes,5,3,3,4,5,4,1,3.6,National statistics bureau.
Asia,Laos,General,Laotian Times,https://laotiantimes.com,EN,Digital news,Independent,Website,,no,3,3,5,3,3,4,2,3.3,English-language news; limited space for independence.
Asia,Laos,General,Vientiane Times,https://www.vientianetimes.la,EN,State newspaper,State media,Website,,no,2,2,5,2,3,4,1,2.7,State-run English daily; the official line.
Asia,Laos,Economic,Bank of the Lao PDR,https://www.bol.gov.la,LO/EN,Central bank,State / official,Website,,yes,3,3,3,3,4,3,1,2.9,Central bank; monetary and financial data.
North Africa & Middle East,Lebanon,General,L'Orient Today,https://today.lorientlejour.com,EN/FR,Daily newspaper,Independent,Website,,no,5,4,5,4,4,4,4,4.3,English edition of L'Orient-Le Jour; strong reporting.
North Africa & Middle East,Lebanon,General,Daraj,https://daraj.media,AR/EN,Investigative (pan-Arab),Independent,Website,,no,5,5,3,5,5,4,4,4.4,Independent investigative site on corruption and rights.
North Africa & Middle East,Lebanon,General,Megaphone,https://megaphone.news,AR/EN,Independent digital media,Independent,Website,,no,4,5,4,4,4,4,3,4.0,Independent platform born of the 2019 uprising.
North Africa & Middle East,Lebanon,General,The Public Source,https://thepublicsource.org,EN,Independent analysis,Independent,Website,,no,5,5,3,5,4,4,5,4.4,Independent media organization; deep political-economy analysis.
North Africa & Middle East,Lebanon,Economic,Banque du Liban,https://www.bdl.gov.lb,AR/EN,Central bank,State / official,Website,,yes,3,3,3,2,3,4,1,2.7,Central bank; credibility hit by the financial collapse.
Asia,Kyrgyzstan,General,Kloop,https://kloop.kg,KY/RU/EN,Investigative nonprofit,Independent,Website,,no,5,5,4,5,5,4,4,4.6,Investigative outlet under sustained state pressure.
Asia,Kyrgyzstan,General,Kaktus Media,https://kaktus.media,KY/RU,Independent news,Independent,Website,,no,4,4,5,4,4,4,3,4.0,Independent news site.
Asia,Kyrgyzstan,General,24.kg,https://24.kg,KY/RU/EN,News agency,Independent,Website,,no,4,3,5,4,3,4,2,3.6,Independent news agency.
Asia,Kyrgyzstan,Economic,National Bank of the Kyrgyz Republic,https://www.nbkr.kg,KY/RU/EN,Central bank,State / official,Website,,yes,4,3,4,3,4,4,2,3.4,Central bank; monetary and financial data.
Asia,Turkmenistan,General,Turkmen.news,https://turkmen.news,TK/RU/EN,Independent (exile),Independent (exile),Website,,no,4,5,4,4,4,4,3,4.0,Exile outlet reporting on one of the world's most closed states.
Asia,Turkmenistan,General,Chronicles of Turkmenistan,https://en.hronikatm.com,TK/RU/EN,Rights / independent (exile),Independent (exile),Website,,no,4,5,4,4,4,4,3,4.0,Human-rights-focused exile outlet.
Asia,Turkmenistan,General,Radio Azatlyk,https://www.azathabar.com,TK/RU,Broadcaster (RFE/RL),Independent (external),Website,,no,4,4,5,4,4,3,2,3.7,RFE/RL's Turkmen service.
Asia,Singapore,General,The Straits Times,https://www.straitstimes.com,EN,Daily newspaper,Establishment,Website,,no,4,3,5,3,4,4,3,3.7,Dominant daily; closely aligned with the government.
Asia,Singapore,General,Channel News Asia,https://www.channelnewsasia.com,EN,Broadcaster / news,Establishment,Website,,no,4,3,5,3,4,5,3,3.9,Regional broadcaster; state-linked but broad coverage.
Asia,Singapore,Security,ISEAS – Yusof Ishak Institute,https://www.iseas.edu.sg,EN,Southeast Asia think tank,Independent,Website,,no,5,4,3,5,4,5,5,4.4,Premier research institute on Southeast Asian affairs.
Asia,Singapore,Economic,Monetary Authority of Singapore,https://www.mas.gov.sg,EN,Central bank / regulator,State / official,Website,,yes,5,3,4,5,5,4,2,4.0,Central bank and financial regulator; high-quality data.
Asia,Singapore,Economic,SingStat,https://www.singstat.gov.sg,EN,Official statistics,State / official,Website,,yes,5,3,3,4,5,4,1,3.6,Department of Statistics; strong open data.
North Africa & Middle East,Oman,General,Times of Oman,https://timesofoman.com,EN,Daily newspaper,Establishment,Website,,no,3,3,5,3,3,4,2,3.3,Establishment English daily.
North Africa & Middle East,Oman,General,Muscat Daily,https://www.muscatdaily.com,EN,Daily newspaper,Establishment,Website,,no,3,3,5,3,3,4,2,3.3,Establishment English daily.
North Africa & Middle East,Oman,Economic,Central Bank of Oman,https://cbo.gov.om,AR/EN,Central bank,State / official,Website,,yes,4,3,4,4,4,4,2,3.6,Central bank; monetary and financial data.
North Africa & Middle East,Palestine,General,Ma'an News Agency,https://www.maannews.net,AR/EN,Independent news agency,Independent,Website,,no,4,4,5,3,3,4,2,3.6,Long-running independent news agency.
North Africa & Middle East,Palestine,Political,Al-Haq,https://www.alhaq.org,AR/EN,Human-rights organization,Independent,Website,,no,5,5,3,5,5,4,4,4.4,Pioneering Palestinian human-rights group.
North Africa & Middle East,Palestine,Economic,Palestinian Central Bureau of Statistics,https://www.pcbs.gov.ps,AR/EN,Official statistics,State / official,Website,,yes,4,3,3,4,4,4,1,3.3,National statistics bureau.
North Africa & Middle East,Palestine,Economic,Palestine Monetary Authority,https://www.pma.ps,AR/EN,Monetary authority,State / official,Website,,yes,4,3,4,4,4,4,2,3.6,Monetary authority; banking and financial data.
North Africa & Middle East,Kuwait,General,Kuwait Times,https://www.kuwaittimes.com,EN,Daily newspaper,Establishment,Website,,no,3,3,5,3,3,4,2,3.3,Establishment English daily.
North Africa & Middle East,Kuwait,General,Arab Times,https://www.arabtimesonline.com,EN,Daily newspaper,Establishment,Website,,no,3,3,5,3,3,4,2,3.3,Establishment English daily.
North Africa & Middle East,Kuwait,Economic,Central Bank of Kuwait,https://www.cbk.gov.kw,AR/EN,Central bank,State / official,Website,,yes,4,3,4,4,5,4,2,3.7,Central bank; monetary and financial data.
Asia,Georgia,General,Civil.ge,https://civil.ge,KA/EN,Independent news,Independent,Website,,no,5,4,5,5,4,4,4,4.4,Long-running independent English-and-Georgian outlet.
Asia,Georgia,General,Netgazeti,https://netgazeti.ge,KA,Independent news,Independent,Website,,no,4,4,4,4,4,4,3,3.9,Independent news site.
Asia,Georgia,Security,iFact,https://ifact.ge,KA/EN,Investigative,Independent,Website,,no,5,5,3,5,5,4,4,4.4,Investigative journalism outlet.
Asia,Georgia,Economic,National Bank of Georgia,https://nbg.gov.ge,KA/EN,Central bank,State / official,Website,,yes,4,3,4,4,5,4,2,3.7,Central bank; monetary and financial data.
Asia,Georgia,Economic,Geostat,https://www.geostat.ge,KA/EN,Official statistics,State / official,Website,,yes,4,3,3,4,4,4,1,3.3,National statistics office.
Asia,Mongolia,General,News.mn,https://news.mn,MN,Digital news,Independent,Website,,no,4,3,5,3,3,4,2,3.4,Popular independent news portal.
Asia,Mongolia,General,Montsame,https://montsame.mn/en,MN/EN,State news agency,State media,Website,,no,3,2,5,2,3,4,1,2.9,Official state news agency.
Asia,Mongolia,Economic,Bank of Mongolia,https://www.mongolbank.mn,MN/EN,Central bank,State / official,Website,,yes,4,3,4,4,4,4,2,3.6,Central bank; monetary and financial data.
Asia,Mongolia,Economic,National Statistics Office,https://www.nso.mn,MN/EN,Official statistics,State / official,Website,,yes,4,3,3,4,4,4,1,3.3,National statistics office.
Asia,Armenia,General,Hetq,https://hetq.am/en,HY/EN,Investigative nonprofit,Independent,Website,,no,5,5,3,5,5,4,4,4.4,Association of Investigative Journalists; deep investigations.
Asia,Armenia,General,CivilNet,https://www.civilnet.am,HY/EN,Independent digital media,Independent,Website,,no,4,4,5,4,4,4,3,4.0,Independent multimedia outlet.
Asia,Armenia,General,EVN Report,https://evnreport.com,EN,Analysis / long-form,Independent,Website,,no,4,5,3,5,4,4,5,4.3,Independent English-language analysis platform.
Asia,Armenia,Economic,Central Bank of Armenia,https://www.cba.am,HY/EN,Central bank,State / official,Website,,yes,4,3,4,4,5,4,2,3.7,Central bank; monetary and financial data.
Asia,Armenia,Economic,Armstat,https://www.armstat.am,HY/EN,Official statistics,State / official,Website,,yes,4,3,3,4,4,4,1,3.3,National statistics service.
North Africa & Middle East,Qatar,General,Al Jazeera English,https://www.aljazeera.com,EN/AR,State-funded broadcaster,State-funded,Website,,no,4,4,5,3,4,5,4,4.1,"Globally significant broadcaster; wide reach, Qatari-funded."
North Africa & Middle East,Qatar,General,The Peninsula,https://thepeninsulaqatar.com,EN,Daily newspaper,Establishment,Website,,no,3,3,5,3,3,4,2,3.3,Establishment English daily.
North Africa & Middle East,Qatar,General,Doha News,https://dohanews.co,EN,Digital news,Independent,Website,,no,4,4,4,4,3,4,3,3.7,Digital outlet on Qatar; relaunched after earlier blocking.
North Africa & Middle East,Qatar,Economic,Qatar Central Bank,https://www.qcb.gov.qa,AR/EN,Central bank,State / official,Website,,yes,4,3,4,4,4,4,2,3.6,Central bank; monetary and financial data.
North Africa & Middle East,Bahrain,General,Bahrain Mirror,https://bahrainmirror.com,AR/EN,Opposition media (exile),Independent (exile),Website,,no,3,5,4,3,3,3,2,3.3,Exile opposition outlet; blocked domestically.
North Africa & Middle East,Bahrain,General,Gulf Daily News,https://www.gdnonline.com,EN,Daily newspaper,Establishment,Website,,no,3,3,5,3,3,4,1,3.1,Establishment English daily.
North Africa & Middle East,Bahrain,Economic,Central Bank of Bahrain,https://www.cbb.gov.bh,AR/EN,Central bank,State / official,Website,,yes,4,3,4,4,5,4,2,3.7,Central bank and financial regulator.
Asia,Timor-Leste,General,Tatoli,https://en.tatoli.tl,PT/TE/EN,State news agency,State media,Website,,no,3,2,5,3,3,4,1,3.0,National news agency.
Asia,Timor-Leste,Political,La'o Hamutuk,https://www.laohamutuk.org,TE/EN,Transparency / policy NGO,Independent,Website,,no,5,5,3,5,5,4,5,4.6,"Institute analysing development, oil revenue, and governance."
Asia,Timor-Leste,Economic,Banco Central de Timor-Leste,https://www.bancocentral.tl,PT/EN,Central bank,State / official,Website,,yes,4,3,4,4,4,4,2,3.6,Central bank; monetary and financial data.
Asia,Cyprus,General,Cyprus Mail,https://cyprus-mail.com,EN,Daily newspaper,Independent,Website,,no,4,3,5,4,4,4,3,3.9,Leading English daily.
Asia,Cyprus,General,Politis,https://politis.com.cy,EL,Daily newspaper,Independent,Website,,no,4,3,5,4,4,4,3,3.9,Independent Greek-language daily.
Asia,Cyprus,Economic,Central Bank of Cyprus,https://www.centralbank.cy,EL/EN,Central bank,State / official,Website,,yes,4,3,4,4,5,4,2,3.7,Central bank; monetary and financial data.
Asia,Cyprus,Economic,CyStat,https://www.cystat.gov.cy,EL/EN,Official statistics,State / official,Website,,yes,4,3,3,4,4,4,1,3.3,Statistical service.
Asia,Bhutan,General,Kuensel,https://kuenselonline.com,DZ/EN,Daily newspaper,Establishment,Website,,no,4,3,5,3,4,4,3,3.7,National newspaper of record.
Asia,Bhutan,General,The Bhutanese,https://thebhutanese.bt,EN,Independent newspaper,Independent,Website,,no,4,4,3,4,4,4,3,3.7,Independent paper known for investigations.
Asia,Bhutan,Economic,Royal Monetary Authority of Bhutan,https://www.rma.org.bt,EN,Central bank,State / official,Website,,yes,4,3,4,4,4,4,2,3.6,Central bank; monetary and financial data.
Asia,Bhutan,Economic,National Statistics Bureau,https://www.nsb.gov.bt,EN,Official statistics,State / official,Website,,yes,4,3,3,4,4,4,1,3.3,National statistics bureau.
Asia,Maldives,General,Maldives Independent,https://maldivesindependent.com,EN,Independent news,Independent,Website,,no,5,5,4,4,4,4,3,4.1,Leading independent English outlet.
Asia,Maldives,General,Mihaaru,https://mihaaru.com,DV/EN,Daily newspaper,Independent,Website,,no,4,3,5,4,4,4,2,3.7,Popular independent daily.
Asia,Maldives,Economic,Maldives Monetary Authority,https://www.mma.gov.mv,EN,Central bank,State / official,Website,,yes,4,3,4,4,4,4,2,3.6,Central bank; monetary and financial data.
Asia,Brunei,General,The Scoop,https://thescoop.co,EN,Independent digital news,Independent,Website,,no,4,4,4,4,4,4,3,3.9,Rare independent outlet in a tightly-controlled market.
Asia,Brunei,General,Borneo Bulletin,https://borneobulletin.com.bn,EN,Daily newspaper,Establishment,Website,,no,3,3,5,3,3,4,2,3.3,Main English daily.
Asia,Brunei,Economic,Brunei Darussalam Central Bank,https://www.bdcb.gov.bn,MS/EN,Central bank,State / official,Website,,yes,4,3,4,4,4,4,2,3.6,Central bank; monetary and financial data.
Asia,Taiwan,General,The Reporter,https://www.twreporter.org,ZH/EN,Investigative nonprofit,Independent,Website,,no,5,5,3,5,5,4,5,4.6,Nonprofit; among Asia's best investigative outlets.
Asia,Taiwan,General,Taipei Times,https://www.taipeitimes.com,EN,Daily newspaper,Independent,Website,,no,4,3,5,4,4,4,3,3.9,Leading English daily.
Asia,Taiwan,General,Focus Taiwan,https://focustaiwan.tw,EN,News agency (CNA),Establishment,Website,,no,4,3,5,3,4,5,2,3.7,Central News Agency's English service.
Asia,Taiwan,Political,Taiwan FactCheck Center,https://tfc-taiwan.org.tw,ZH/EN,Fact-checking,Independent,Website,,no,5,4,4,5,5,4,3,4.3,Independent fact-checking organization.
Asia,Taiwan,Economic,Central Bank (Taiwan),https://www.cbc.gov.tw,ZH/EN,Central bank,State / official,Website,,yes,5,3,4,4,5,4,2,3.9,Central bank; monetary and financial data.
Asia,Taiwan,Economic,DGBAS,https://www.dgbas.gov.tw,ZH/EN,Official statistics,State / official,Website,,yes,5,3,3,4,5,4,1,3.6,"Directorate-General of Budget, Accounting and Statistics."
Asia,Thailand,Economic,National Statistical Office (Thailand),https://www.nso.go.th,TH/EN,Official statistics,State / official,Website,,yes,4,3,3,4,4,4,1,3.3,National statistics office.
Asia,Malaysia,General,The Star (Malaysia),https://www.thestar.com.my,EN,Daily newspaper,Establishment,Website,,no,3,3,5,3,3,4,2,3.3,Largest English daily; establishment ties.
Europe,Ireland,General,The Irish Times,https://www.irishtimes.com,EN,Daily newspaper,Independent,Website,,no,5,3,5,4,4,4,3,4.0,Ireland's paper of record.
Europe,Ireland,General,RTÉ News,https://www.rte.ie/news,EN,Public broadcaster,Public broadcaster,Website,,no,5,3,5,4,4,5,3,4.1,National public broadcaster's news.
Europe,Ireland,General,The Journal,https://www.thejournal.ie,EN,Digital news / fact-check,Independent,Website,,no,4,3,5,4,4,4,2,3.7,Popular digital outlet with a fact-checking desk.
Europe,Ireland,Economic,Central Bank of Ireland,https://www.centralbank.ie,EN,Central bank / regulator,State / official,Website,,yes,5,3,4,4,5,4,2,3.9,Central bank and financial regulator.
Europe,Ireland,Economic,CSO Ireland,https://www.cso.ie,EN,Official statistics,State / official,Website,,yes,5,3,3,4,5,4,1,3.6,Central Statistics Office.
Europe,Sweden,General,Dagens Nyheter,https://www.dn.se,SV,Daily newspaper,Independent,Website,,no,5,3,5,4,4,4,3,4.0,Leading quality daily.
Europe,Sweden,General,SVT Nyheter,https://www.svt.se/nyheter,SV,Public broadcaster,Public broadcaster,Website,,no,5,3,5,4,4,5,3,4.1,Public-service TV news; highly trusted.
Europe,Sweden,General,Svenska Dagbladet,https://www.svd.se,SV,Daily newspaper,Independent,Website,,no,4,3,5,4,4,4,3,3.9,Major national daily.
Europe,Sweden,Economic,Sveriges Riksbank,https://www.riksbank.se,SV/EN,Central bank,State / official,Website,,yes,5,3,4,5,5,4,2,4.0,Central bank; monetary and financial data.
Europe,Sweden,Economic,Statistics Sweden (SCB),https://www.scb.se,SV/EN,Official statistics,State / official,Website,,yes,5,3,3,4,5,4,1,3.6,National statistics office.
Europe,Denmark,General,Politiken,https://politiken.dk,DA,Daily newspaper,Independent,Website,,no,5,3,5,4,4,4,3,4.0,Leading quality daily.
Europe,Denmark,General,DR Nyheder,https://www.dr.dk/nyheder,DA,Public broadcaster,Public broadcaster,Website,,no,5,3,5,4,4,5,3,4.1,Public-service news; highly trusted.
Europe,Denmark,General,Information,https://www.information.dk,DA,Daily newspaper,Independent,Website,,no,4,4,4,4,4,3,4,3.9,Independent analytical daily.
Europe,Denmark,Economic,Danmarks Nationalbank,https://www.nationalbanken.dk,DA/EN,Central bank,State / official,Website,,yes,5,3,4,5,5,4,2,4.0,Central bank; monetary and financial data.
Europe,Denmark,Economic,Statistics Denmark,https://www.dst.dk,DA/EN,Official statistics,State / official,Website,,yes,5,3,3,4,5,4,1,3.6,National statistics office.
Europe,Norway,General,Aftenposten,https://www.aftenposten.no,NO,Daily newspaper,Independent,Website,,no,5,3,5,4,4,4,3,4.0,Norway's largest quality daily.
Europe,Norway,General,NRK,https://www.nrk.no,NO,Public broadcaster,Public broadcaster,Website,,no,5,3,5,4,4,5,3,4.1,Public-service broadcaster.
Europe,Norway,Economic,Dagens Næringsliv,https://www.dn.no,NO,Business daily,Independent,Website,,no,5,3,5,4,4,3,4,4.0,Leading business daily.
Europe,Norway,Economic,Norges Bank,https://www.norges-bank.no,NO/EN,Central bank,State / official,Website,,yes,5,3,4,5,5,4,2,4.0,Central bank; manages the sovereign wealth fund.
Europe,Norway,Economic,Statistics Norway (SSB),https://www.ssb.no,NO/EN,Official statistics,State / official,Website,,yes,5,3,3,4,5,4,1,3.6,National statistics office.
Europe,Finland,General,Helsingin Sanomat,https://www.hs.fi,FI,Daily newspaper,Independent,Website,,no,5,3,5,4,4,4,3,4.0,Finland's largest daily.
Europe,Finland,General,Yle News,https://yle.fi/news,FI/EN,Public broadcaster,Public broadcaster,Website,,no,5,3,5,4,4,5,3,4.1,Public-service broadcaster.
Europe,Finland,Economic,Bank of Finland,https://www.suomenpankki.fi,FI/EN,Central bank,State / official,Website,,yes,5,3,4,5,5,4,2,4.0,Central bank; also hosts BOFIT.
Europe,Finland,Economic,Statistics Finland,https://www.stat.fi,FI/EN,Official statistics,State / official,Website,,yes,5,3,3,4,5,4,1,3.6,National statistics office.
Europe,Iceland,General,Heimildin,https://heimildin.is,IS,Investigative / daily,Independent,Website,,no,5,4,4,5,4,4,4,4.3,Investigative outlet (merger of Stundin and Kjarninn).
Europe,Iceland,General,RÚV,https://www.ruv.is,IS,Public broadcaster,Public broadcaster,Website,,no,5,3,5,4,4,5,3,4.1,National public broadcaster.
Europe,Iceland,Economic,Central Bank of Iceland,https://www.cb.is,IS/EN,Central bank,State / official,Website,,yes,5,3,4,4,5,4,2,3.9,Central bank; monetary and financial data.
Europe,Iceland,Economic,Statistics Iceland,https://www.statice.is,IS/EN,Official statistics,State / official,Website,,yes,5,3,3,4,5,4,1,3.6,National statistics office.
Europe,Portugal,General,Público,https://www.publico.pt,PT,Daily newspaper,Independent,Website,,no,5,3,5,4,4,4,3,4.0,Leading quality daily.
Europe,Portugal,General,Expresso,https://expresso.pt,PT,Weekly newspaper,Independent,Website,,no,5,3,4,4,4,4,4,4.0,Influential weekly.
Europe,Portugal,General,Observador,https://observador.pt,PT,Digital news,Independent,Website,,no,4,3,5,4,4,4,3,3.9,Digital-native daily.
Europe,Portugal,General,RTP,https://www.rtp.pt/noticias,PT,Public broadcaster,Public broadcaster,Website,,no,4,3,5,4,4,5,2,3.9,Public-service broadcaster.
Europe,Portugal,Economic,Banco de Portugal,https://www.bportugal.pt,PT/EN,Central bank,State / official,Website,,yes,5,3,4,4,5,4,2,3.9,Central bank; monetary and financial data.
Europe,Portugal,Economic,INE Portugal,https://www.ine.pt,PT/EN,Official statistics,State / official,Website,,yes,5,3,3,4,5,4,1,3.6,National statistics institute.
Europe,Greece,General,Kathimerini,https://www.ekathimerini.com,EL/EN,Daily newspaper,Independent,Website,,no,4,3,5,4,4,4,3,3.9,Leading daily; English edition.
Europe,Greece,General,To Vima,https://www.tovima.gr,EL,Daily newspaper,Independent,Website,,no,4,3,5,4,4,4,3,3.9,Established national daily.
Europe,Greece,Security,Solomon,https://wearesolomon.com,EN/EL,Investigative nonprofit,Independent,Website,,no,5,5,3,5,4,4,4,4.3,"Investigations on migration, environment, and rights."
Europe,Greece,Political,Reporters United,https://www.reportersunited.gr,EL/EN,Investigative nonprofit,Independent,Website,,no,5,5,3,5,5,4,4,4.4,Investigative outlet exposing surveillance and graft.
Europe,Greece,Economic,Bank of Greece,https://www.bankofgreece.gr,EL/EN,Central bank,State / official,Website,,yes,5,3,4,4,5,4,2,3.9,Central bank; monetary and financial data.
Europe,Greece,Economic,ELSTAT,https://www.statistics.gr,EL/EN,Official statistics,State / official,Website,,yes,4,3,3,4,5,4,1,3.4,Hellenic Statistical Authority.
Europe,Austria,General,Der Standard,https://www.derstandard.at,DE,Daily newspaper,Independent,Website,,no,5,3,5,4,4,4,3,4.0,Leading liberal quality daily.
Europe,Austria,General,Die Presse,https://www.diepresse.com,DE,Daily newspaper,Independent,Website,,no,4,3,5,4,4,4,3,3.9,Established quality daily.
Europe,Austria,General,ORF,https://orf.at,DE,Public broadcaster,Public broadcaster,Website,,no,5,3,5,4,4,5,3,4.1,Public-service broadcaster.
Europe,Austria,Security,Dossier,https://www.dossier.at,DE,Investigative nonprofit,Independent,Website,,no,5,5,3,5,5,4,4,4.4,Nonprofit investigative newsroom.
Europe,Austria,Economic,Oesterreichische Nationalbank,https://www.oenb.at,DE/EN,Central bank,State / official,Website,,yes,5,3,4,4,5,4,2,3.9,Central bank; monetary and financial data.
Europe,Austria,Economic,Statistik Austria,https://www.statistik.at,DE/EN,Official statistics,State / official,Website,,yes,5,3,3,4,5,4,1,3.6,National statistics office.
Europe,Switzerland,General,Neue Zürcher Zeitung,https://www.nzz.ch,DE,Daily newspaper,Independent,Website,,no,5,3,5,4,4,4,4,4.1,Leading quality daily of record.
Europe,Switzerland,General,Le Temps,https://www.letemps.ch,FR,Daily newspaper,Independent,Website,,no,5,3,5,4,4,4,4,4.1,Leading Francophone daily.
Europe,Switzerland,General,SWI swissinfo,https://www.swissinfo.ch,EN/DE/FR,Public international service,Public broadcaster,Website,,no,4,3,4,4,4,5,3,3.9,SBC's international multilingual service.
Europe,Switzerland,Security,Republik,https://www.republik.ch,DE,Investigative (member-funded),Independent,Website,,no,5,5,3,5,5,4,4,4.4,Ad-free member-funded investigative magazine.
Europe,Switzerland,Economic,Swiss National Bank,https://www.snb.ch,DE/FR/EN,Central bank,State / official,Website,,yes,5,3,4,5,5,4,2,4.0,Central bank; monetary and financial data.
Europe,Switzerland,Economic,Federal Statistical Office (BFS),https://www.bfs.admin.ch,DE/FR/EN,Official statistics,State / official,Website,,yes,5,3,3,4,5,4,1,3.6,National statistics office.
Europe,Luxembourg,General,Luxembourg Times,https://www.luxtimes.lu,EN,Daily newspaper,Independent,Website,,no,4,3,5,4,4,4,3,3.9,English-language national daily.
Europe,Luxembourg,General,Luxemburger Wort,https://www.wort.lu,DE/FR,Daily newspaper,Independent,Website,,no,4,3,5,4,4,4,3,3.9,Largest national daily.
Europe,Luxembourg,Economic,STATEC,https://statistiques.public.lu,FR/EN,Official statistics,State / official,Website,,yes,5,3,3,4,5,4,1,3.6,National statistics institute.
Europe,Slovakia,General,Denník N,https://dennikn.sk,SK,Independent daily,Independent,Website,,no,5,4,5,5,4,4,4,4.4,Subscriber-funded quality daily.
Europe,Slovakia,General,SME,https://www.sme.sk,SK,Daily newspaper,Independent,Website,,no,4,3,5,4,4,4,3,3.9,Leading independent daily.
Europe,Slovakia,Security,ICJK,https://icjk.sk,SK,Investigative center,Independent,Website,,no,5,5,3,5,5,4,4,4.4,Ján Kuciak Investigative Centre.
Europe,Slovakia,Economic,National Bank of Slovakia,https://www.nbs.sk,SK/EN,Central bank,State / official,Website,,yes,5,3,4,4,5,4,2,3.9,Central bank; monetary and financial data.
Europe,Slovakia,Economic,Statistical Office of Slovakia,https://slovak.statistics.sk,SK/EN,Official statistics,State / official,Website,,yes,4,3,3,4,5,4,1,3.4,National statistics office.
Europe,Lithuania,General,LRT,https://www.lrt.lt/en,LT/EN,Public broadcaster,Public broadcaster,Website,,no,5,3,5,4,4,4,3,4.0,Public broadcaster with a strong investigation team.
Europe,Lithuania,General,15min,https://www.15min.lt,LT,Digital news,Independent,Website,,no,4,3,5,4,4,4,2,3.7,Popular independent news portal.
Europe,Lithuania,General,Delfi Lithuania,https://www.delfi.lt,LT,Digital news,Independent,Website,,no,4,3,5,4,3,4,2,3.6,Leading Baltic news portal.
Europe,Lithuania,Economic,Bank of Lithuania,https://www.lb.lt,LT/EN,Central bank,State / official,Website,,yes,5,3,4,4,5,4,2,3.9,Central bank; monetary and financial data.
Europe,Lithuania,Economic,Statistics Lithuania,https://www.stat.gov.lt,LT/EN,Official statistics,State / official,Website,,yes,4,3,3,4,5,4,1,3.4,National statistics office.
Europe,Latvia,General,LSM,https://eng.lsm.lv,LV/EN,Public broadcaster,Public broadcaster,Website,,no,5,3,5,4,4,4,3,4.0,Public-media news portal.
Europe,Latvia,Security,Re:Baltica,https://en.rebaltica.lv,LV/EN,Investigative nonprofit,Independent,Website,,no,5,5,3,5,5,4,4,4.4,Baltic Centre for Investigative Journalism.
Europe,Latvia,General,Delfi Latvia,https://www.delfi.lv,LV/RU,Digital news,Independent,Website,,no,4,3,5,4,3,4,2,3.6,Leading news portal.
Europe,Latvia,Economic,Latvijas Banka,https://www.bank.lv,LV/EN,Central bank,State / official,Website,,yes,5,3,4,4,5,4,2,3.9,Central bank; monetary and financial data.
Europe,Latvia,Economic,Central Statistical Bureau,https://stat.gov.lv,LV/EN,Official statistics,State / official,Website,,yes,4,3,3,4,5,4,1,3.4,National statistics bureau.
Europe,Estonia,General,ERR News,https://news.err.ee,ET/EN,Public broadcaster,Public broadcaster,Website,,no,5,3,5,4,4,4,3,4.0,Public broadcaster's news; English service.
Europe,Estonia,General,Postimees,https://www.postimees.ee,ET,Daily newspaper,Independent,Website,,no,4,3,5,4,4,4,3,3.9,Leading daily.
Europe,Estonia,General,Eesti Ekspress,https://ekspress.delfi.ee,ET,Weekly / investigative,Independent,Website,,no,4,4,4,4,4,4,3,3.9,Weekly known for investigations.
Europe,Estonia,Economic,Eesti Pank,https://www.eestipank.ee,ET/EN,Central bank,State / official,Website,,yes,5,3,4,4,5,4,2,3.9,Central bank; monetary and financial data.
Europe,Estonia,Economic,Statistics Estonia,https://www.stat.ee,ET/EN,Official statistics,State / official,Website,,yes,5,3,3,4,5,4,1,3.6,National statistics office; e-government leader.
Europe,Belarus,General,Nasha Niva,https://nashaniva.com,BE/RU,Independent (exile),Independent (exile),Website,,no,5,5,4,4,4,3,3,4.0,"Historic independent paper, now in exile; blocked at home."
Europe,Belarus,General,Zerkalo,https://news.zerkalo.io,RU/BE,Independent (exile),Independent (exile),Website,,no,5,4,5,4,4,3,3,4.0,Successor to Tut.by; leading independent outlet in exile.
Europe,Belarus,General,Belsat,https://belsat.eu,BE/RU,Broadcaster (exile),Independent (exile),Website,,no,4,4,5,4,4,4,2,3.9,Poland-based Belarusian broadcaster.
Europe,Belarus,Political,Viasna Human Rights Centre,https://spring96.org,BE/RU/EN,Human-rights / political-prisoner data,Independent,Website,,yes,5,5,4,5,5,4,3,4.4,Documents political prisoners and repression; Nobel-laureate group.
Europe,Belarus,Economic,National Statistical Committee (Belstat),https://www.belstat.gov.by,BE/RU/EN,Official statistics,State / official,Website,,yes,3,3,3,3,4,4,1,3.0,Official statistics; state-controlled.
Europe,Moldova,General,Ziarul de Gardă,https://www.zdg.md,RO,Investigative newspaper,Independent,Website,,no,5,5,4,5,5,4,4,4.6,Leading investigative paper.
Europe,Moldova,General,NewsMaker,https://newsmaker.md,RO/RU,Independent digital news,Independent,Website,,no,4,4,5,4,4,4,3,4.0,Independent news outlet.
Europe,Moldova,Security,RISE Moldova,https://www.rise.md,RO,Investigative (OCCRP),Independent,Website,,no,5,5,3,5,5,4,4,4.4,Investigations into organized crime and cross-border corruption.
Europe,Moldova,Economic,National Bank of Moldova,https://www.bnm.md,RO/EN,Central bank,State / official,Website,,yes,4,3,4,4,5,4,2,3.7,Central bank; monetary and financial data.
Europe,Moldova,Economic,National Bureau of Statistics (Moldova),https://statistica.gov.md,RO/EN,Official statistics,State / official,Website,,yes,4,3,3,4,4,4,1,3.3,National statistics bureau.
Europe,Serbia,Security,KRIK,https://www.krik.rs,SR/EN,Investigative nonprofit,Independent,Website,,no,5,5,3,5,5,4,4,4.4,Crime-and-corruption investigations under state pressure.
Europe,Serbia,Security,CINS,https://www.cins.rs,SR/EN,Investigative nonprofit,Independent,Website,,no,5,5,3,5,5,4,4,4.4,Centre for Investigative Journalism of Serbia.
Europe,Serbia,Political,Istinomer,https://www.istinomer.rs,SR,Fact-checking,Independent,Website,,no,5,4,4,5,5,4,3,4.3,Fact-checking and accountability outlet.
Europe,Serbia,General,N1,https://n1info.rs,SR,Broadcaster / news,Independent,Website,,no,4,4,5,4,4,4,3,4.0,Independent regional broadcaster (CNN affiliate).
Europe,Serbia,Economic,National Bank of Serbia,https://www.nbs.rs,SR/EN,Central bank,State / official,Website,,yes,4,3,4,4,5,4,2,3.7,Central bank; monetary and financial data.
Europe,Serbia,Economic,Statistical Office of Serbia,https://www.stat.gov.rs,SR/EN,Official statistics,State / official,Website,,yes,4,3,3,4,4,4,1,3.3,National statistics office.
Europe,Croatia,General,Index.hr,https://www.index.hr,HR,Digital news,Independent,Website,,no,4,3,5,4,3,4,2,3.6,High-traffic independent news portal.
Europe,Croatia,General,Jutarnji list,https://www.jutarnji.hr,HR,Daily newspaper,Independent,Website,,no,4,3,5,4,4,4,3,3.9,Leading daily.
Europe,Croatia,Political,Faktograf,https://faktograf.hr,HR,Fact-checking,Independent,Website,,no,5,4,4,5,5,4,3,4.3,Croatia's main fact-checking outlet.
Europe,Croatia,General,Telegram.hr,https://www.telegram.hr,HR,Digital news / features,Independent,Website,,no,4,4,4,4,4,4,3,3.9,Independent news-and-features site.
Europe,Croatia,Economic,Croatian National Bank,https://www.hnb.hr,HR/EN,Central bank,State / official,Website,,yes,5,3,4,4,5,4,2,3.9,Central bank; monetary and financial data.
Europe,Croatia,Economic,Croatian Bureau of Statistics,https://dzs.gov.hr,HR/EN,Official statistics,State / official,Website,,yes,4,3,3,4,4,4,1,3.3,National statistics bureau.
Europe,Slovenia,General,Delo,https://www.delo.si,SL,Daily newspaper,Independent,Website,,no,4,3,5,4,4,4,3,3.9,Leading daily.
Europe,Slovenia,Security,Pod črto,https://podcrto.si,SL,Investigative nonprofit,Independent,Website,,no,5,5,3,5,5,4,4,4.4,Nonprofit investigative outlet.
Europe,Slovenia,Security,Oštro,https://www.ostro.si,SL/EN,Investigative center,Independent,Website,,no,5,5,3,5,5,4,4,4.4,Centre for investigative journalism (Adriatic region).
Europe,Slovenia,Economic,Bank of Slovenia,https://www.bsi.si,SL/EN,Central bank,State / official,Website,,yes,5,3,4,4,5,4,2,3.9,Central bank; monetary and financial data.
Europe,Slovenia,Economic,Statistical Office of Slovenia,https://www.stat.si,SL/EN,Official statistics,State / official,Website,,yes,4,3,3,4,4,4,1,3.3,National statistics office.
Europe,Bosnia and Herzegovina,Security,CIN,https://www.cin.ba,BS/EN,Investigative center,Independent,Website,,no,5,5,3,5,5,4,4,4.4,"Center for Investigative Reporting, Sarajevo."
Europe,Bosnia and Herzegovina,Security,Žurnal,https://www.zurnal.info,BS,Investigative,Independent,Website,,no,5,5,3,4,5,4,4,4.3,Investigative outlet on corruption and organized crime.
Europe,Bosnia and Herzegovina,General,Detektor,https://detektor.ba,BS/EN,Investigative (BIRN),Independent,Website,,no,5,4,4,5,4,4,3,4.1,BIRN BiH; war-crimes and accountability reporting.
Europe,Bosnia and Herzegovina,Political,Raskrinkavanje,https://raskrinkavanje.ba,BS,Fact-checking,Independent,Website,,no,5,4,4,5,5,4,3,4.3,Leading regional fact-checking outlet.
Europe,Bosnia and Herzegovina,Economic,Central Bank of Bosnia and Herzegovina,https://www.cbbh.ba,BS/EN,Central bank,State / official,Website,,yes,4,3,4,4,5,4,2,3.7,Central bank; monetary and financial data.
Europe,Bosnia and Herzegovina,Economic,Agency for Statistics of BiH,https://bhas.gov.ba,BS/EN,Official statistics,State / official,Website,,yes,4,3,3,4,4,4,1,3.3,National statistics agency.
Europe,North Macedonia,General,Meta.mk,https://meta.mk,MK/EN,News agency / independent,Independent,Website,,no,4,4,4,5,4,4,3,4.0,Independent news agency (Metamorphosis Foundation).
Europe,North Macedonia,General,Sloboden Pečat,https://www.slobodenpecat.mk,MK,Daily / digital news,Independent,Website,,no,4,3,5,4,4,4,3,3.9,Independent daily.
Europe,North Macedonia,Political,Vistinomer,https://vistinomer.mk,MK,Fact-checking,Independent,Website,,no,5,4,4,5,5,4,3,4.3,Fact-checking and accountability platform.
Europe,North Macedonia,Economic,National Bank of North Macedonia,https://www.nbrm.mk,MK/EN,Central bank,State / official,Website,,yes,4,3,4,4,5,4,2,3.7,Central bank; monetary and financial data.
Europe,North Macedonia,Economic,State Statistical Office,https://www.stat.gov.mk,MK/EN,Official statistics,State / official,Website,,yes,4,3,3,4,4,4,1,3.3,National statistics office.
Europe,Montenegro,General,Vijesti,https://www.vijesti.me,SR,Daily / independent news,Independent,Website,,no,4,4,5,4,4,4,3,4.0,Leading independent daily.
Europe,Montenegro,Security,CIN-CG,https://www.cin-cg.me,SR/EN,Investigative center,Independent,Website,,no,5,5,3,5,5,4,4,4.4,Center for Investigative Journalism of Montenegro.
Europe,Montenegro,Economic,Central Bank of Montenegro,https://www.cbcg.me,SR/EN,Central bank,State / official,Website,,yes,4,3,4,4,5,4,2,3.7,Central bank; monetary and financial data.
Europe,Montenegro,Economic,MONSTAT,https://www.monstat.org,SR/EN,Official statistics,State / official,Website,,yes,4,3,3,4,4,4,1,3.3,National statistics office.
Europe,Albania,Security,Reporter.al (BIRN Albania),https://www.reporter.al,SQ/EN,Investigative (BIRN),Independent,Website,,no,5,5,3,5,5,4,4,4.4,BIRN Albania; investigations and accountability.
Europe,Albania,Political,Faktoje,https://faktoje.al,SQ,Fact-checking,Independent,Website,,no,5,4,4,5,5,4,3,4.3,Independent fact-checking outlet.
Europe,Albania,General,Exit.al,https://exit.al,SQ/EN,Independent news / analysis,Independent,Website,,no,4,4,4,4,4,4,3,3.9,English-and-Albanian independent outlet.
Europe,Albania,Economic,Bank of Albania,https://www.bankofalbania.org,SQ/EN,Central bank,State / official,Website,,yes,4,3,4,4,5,4,2,3.7,Central bank; monetary and financial data.
Europe,Albania,Economic,INSTAT Albania,https://www.instat.gov.al,SQ/EN,Official statistics,State / official,Website,,yes,4,3,3,4,4,4,1,3.3,National statistics institute.
Europe,Kosovo,Political,KALLXO,https://kallxo.com,SQ/SR/EN,Investigative / fact-check,Independent,Website,,no,5,5,3,5,5,4,4,4.4,Investigations and fact-checking (BIRN/Internews).
Europe,Kosovo,General,Kosovo 2.0,https://kosovotwopointzero.com,SQ/SR/EN,Independent magazine,Independent,Website,,no,4,5,3,5,4,4,4,4.1,Independent magazine on society and rights.
Europe,Kosovo,General,Prishtina Insight,https://prishtinainsight.com,EN,Independent news (BIRN),Independent,Website,,no,4,4,4,4,4,4,3,3.9,English-language independent outlet.
Europe,Kosovo,Economic,Central Bank of Kosovo,https://www.bqk-kos.org,SQ/SR/EN,Central bank,State / official,Website,,yes,4,3,4,4,5,4,2,3.7,Central bank; monetary and financial data.
Europe,Kosovo,Economic,Kosovo Agency of Statistics,https://ask.rks-gov.net,SQ/SR/EN,Official statistics,State / official,Website,,yes,4,3,3,4,4,4,1,3.3,National statistics agency.
Europe,Malta,General,Times of Malta,https://timesofmalta.com,EN,Daily newspaper,Independent,Website,,no,4,3,5,4,4,4,3,3.9,Leading national daily.
Europe,Malta,Security,The Shift News,https://theshiftnews.com,EN,Investigative nonprofit,Independent,Website,,no,5,5,3,5,5,4,4,4.4,Investigative outlet on corruption and rule of law.
Europe,Malta,General,MaltaToday,https://www.maltatoday.com.mt,EN,News / mid-week paper,Independent,Website,,no,4,3,5,4,4,4,3,3.9,Independent news outlet.
Europe,Malta,Economic,Central Bank of Malta,https://www.centralbankmalta.org,EN,Central bank,State / official,Website,,yes,5,3,4,4,5,4,2,3.9,Central bank; monetary and financial data.
Europe,Malta,Economic,National Statistics Office (Malta),https://nso.gov.mt,EN,Official statistics,State / official,Website,,yes,5,3,3,4,5,4,1,3.6,National statistics office.
Europe,Andorra,General,Diari d'Andorra,https://www.diariandorra.ad,CA,Daily newspaper,Independent,Website,,no,4,3,5,4,4,4,2,3.7,Main national daily.
Europe,Andorra,General,El Periòdic d'Andorra,https://www.elperiodic.ad,CA,Digital news,Independent,Website,,no,3,3,5,3,3,4,2,3.3,National digital news outlet.
Europe,Andorra,General,Andorra Difusió,https://www.andorradifusio.ad,CA,Public broadcaster,Public broadcaster,Website,,no,4,3,5,4,4,5,2,3.9,National public broadcaster.
Europe,Monaco,General,Monaco Matin,https://www.monacomatin.mc,FR,Daily newspaper,Independent,Website,,no,3,3,5,3,3,4,2,3.3,Local daily (Nice-Matin group).
Europe,Monaco,General,Monaco Tribune,https://www.monaco-tribune.com,FR/EN,Digital news,Independent,Website,,no,3,3,5,3,3,4,2,3.3,Digital news outlet.
Europe,Monaco,General,Monaco Life,https://monacolife.net,EN,Digital news,Independent,Website,,no,3,3,5,3,3,4,2,3.3,English-language news site.
Europe,Liechtenstein,General,Liechtensteiner Vaterland,https://www.vaterland.li,DE,Daily newspaper,Independent,Website,,no,4,3,5,4,4,4,2,3.7,Main national daily.
Europe,Liechtenstein,General,Liechtensteiner Volksblatt,https://www.volksblatt.li,DE,Daily newspaper,Independent,Website,,no,3,3,4,3,3,4,2,3.1,National daily.
Europe,Liechtenstein,Economic,Office of Statistics Liechtenstein,https://www.as.llv.li,DE,Official statistics,State / official,Website,,yes,4,3,3,4,4,4,1,3.3,National statistics office.
Europe,San Marino,General,San Marino RTV,https://www.sanmarinortv.sm,IT,Public broadcaster,Public broadcaster,Website,,no,4,3,5,4,4,5,2,3.9,National public broadcaster.
Europe,San Marino,Economic,Central Bank of San Marino,https://www.bcsm.sm,IT,Central bank,State / official,Website,,yes,4,3,4,4,4,4,2,3.6,Central bank; monetary and financial data.
Europe,San Marino,Economic,Statistics Office of San Marino,https://www.statistica.sm,IT,Official statistics,State / official,Website,,yes,4,3,3,4,4,4,1,3.3,National statistics office.
North Africa & Middle East,Egypt,General,Mada Masr,https://www.madamasr.com,AR/EN,Independent digital news,Independent,Website,,no,5,5,4,5,4,3,4,4.3,"One of the last independent outlets; blocked, publishes via mirrors."
North Africa & Middle East,Egypt,General,Egypt Independent,https://www.egyptindependent.com,EN,Digital news,Independent,Website,,no,3,3,5,3,3,4,2,3.3,English-language news outlet.
North Africa & Middle East,Egypt,General,Al-Ahram (English),https://english.ahram.org.eg,AR/EN,State newspaper,State media,Website,,no,3,2,5,2,3,4,1,2.9,State-owned flagship; the official line.
North Africa & Middle East,Egypt,Economic,Enterprise,https://enterprise.press,EN,Business news,Independent,Website,,no,4,4,5,4,4,4,4,4.1,Well-regarded business-and-economy briefing.
North Africa & Middle East,Egypt,Economic,Central Bank of Egypt,https://www.cbe.org.eg,AR/EN,Central bank,State / official,Website,,yes,4,3,4,3,4,4,2,3.4,Central bank; monetary and FX data.
North Africa & Middle East,Egypt,Economic,CAPMAS,https://www.capmas.gov.eg,AR/EN,Official statistics,State / official,Website,,yes,3,3,3,3,4,3,1,2.9,Central Agency for Public Mobilization and Statistics.
North Africa & Middle East,Libya,General,Libya Herald,https://libyaherald.com,EN,Independent news,Independent,Website,,no,4,4,4,4,4,4,3,3.9,Trusted English-language source on Libya.
North Africa & Middle East,Libya,General,The Libya Observer,https://www.libyaobserver.ly,EN/AR,Independent news,Independent,Website,,no,3,4,5,3,3,4,2,3.4,English-language independent outlet.
North Africa & Middle East,Libya,Economic,Central Bank of Libya,https://cbl.gov.ly,AR/EN,Central bank,State / official,Website,,yes,3,3,3,2,3,3,1,2.6,Central bank; contested control affects data.
North Africa & Middle East,Tunisia,General,Inkyfada,https://inkyfada.com,AR/FR/EN,Investigative,Independent,Website,,no,5,5,3,5,5,4,4,4.4,Leading investigative outlet; under legal pressure.
North Africa & Middle East,Tunisia,General,Nawaat,https://nawaat.org,AR/FR/EN,Independent / rights media,Independent,Website,,no,4,5,4,4,4,4,4,4.1,Independent outlet born of the pre-2011 blogosphere.
North Africa & Middle East,Tunisia,Economic,Central Bank of Tunisia,https://www.bct.gov.tn,AR/FR/EN,Central bank,State / official,Website,,yes,4,3,4,4,4,4,2,3.6,Central bank; monetary and financial data.
North Africa & Middle East,Tunisia,Economic,INS Tunisia,https://www.ins.tn,AR/FR,Official statistics,State / official,Website,,yes,4,3,3,4,4,4,1,3.3,National statistics institute.
North Africa & Middle East,Algeria,General,TSA (Tout Sur l'Algérie),https://www.tsa-algerie.com,FR,Independent digital news,Independent,Website,,no,4,4,5,4,4,4,3,4.0,Leading independent-leaning news site.
North Africa & Middle East,Algeria,General,El Watan,https://elwatan-dz.com,FR,Daily newspaper,Independent,Website,,no,4,3,4,4,4,4,3,3.7,Independent French-language daily under pressure.
North Africa & Middle East,Algeria,Economic,Bank of Algeria,https://www.bank-of-algeria.dz,AR/FR,Central bank,State / official,Website,,yes,3,3,3,3,4,3,1,2.9,Central bank; monetary and financial data.
North Africa & Middle East,Algeria,Economic,ONS Algeria,https://www.ons.dz,AR/FR,Official statistics,State / official,Website,,yes,3,3,3,3,4,3,1,2.9,National statistics office.
North Africa & Middle East,Morocco,General,TelQuel,https://telquel.ma,FR,News magazine,Independent,Website,,no,4,4,4,4,4,4,4,4.0,Leading independent-leaning news magazine.
North Africa & Middle East,Morocco,General,Le Desk,https://ledesk.ma,FR,Investigative digital news,Independent,Website,,no,5,5,3,4,5,3,4,4.1,Subscriber-funded investigative outlet.
North Africa & Middle East,Morocco,General,Yabiladi,https://en.yabiladi.com,FR/EN,Digital news,Independent,Website,,no,4,3,5,4,3,4,2,3.6,Popular digital news outlet.
North Africa & Middle East,Morocco,Economic,Bank Al-Maghrib,https://www.bkam.ma,AR/FR/EN,Central bank,State / official,Website,,yes,4,3,4,4,5,4,2,3.7,Central bank; monetary and financial data.
North Africa & Middle East,Morocco,Economic,HCP Morocco,https://www.hcp.ma,AR/FR,Official statistics,State / official,Website,,yes,4,3,3,4,4,4,1,3.3,High Commission for Planning; national statistics.
Asia,China,General,People's Daily,http://en.people.cn,ZH/EN,Party newspaper (state),State media,Website,,no,2,3,5,2,3,5,1,3.0,Chinese Communist Party's flagship; the authoritative Party line.
Asia,China,General,Xinhua,https://english.news.cn,ZH/EN,State news agency,State media,Website,,no,3,3,5,2,3,5,1,3.1,Official state news agency; primary channel for government announcements.
Asia,China,General,Global Times,https://www.globaltimes.cn,ZH/EN,State tabloid,State media,Website,,no,2,3,5,2,2,5,1,2.9,Nationalist state tabloid; useful as a barometer of official messaging.
Asia,China,General,CGTN,https://www.cgtn.com,EN/multi,State international broadcaster,State media,Website,,no,2,3,5,2,2,5,1,2.9,State foreign-facing broadcaster; external propaganda arm.
Asia,China,General,China Daily,https://www.chinadaily.com.cn,EN,State English daily,State media,Website,,no,3,3,5,2,3,5,1,3.1,State English-language daily aimed at foreign audiences.
Asia,China,General,CCTV / CMG,https://english.cctv.com,ZH/EN,State broadcaster,State media,Website,,no,2,2,5,2,3,5,1,2.9,State broadcaster (China Media Group).
Asia,China,General,Caixin,https://www.caixinglobal.com,ZH/EN,Business / investigative,Independent (constrained),Website,,no,5,5,5,4,4,3,4,4.3,China's most independent professional outlet; strong business investigations within red lines.
Asia,China,General,The Paper (Pengpai),https://www.thepaper.cn,ZH,Digital news (state-affiliated),State-affiliated,Website,,no,3,3,5,2,3,4,2,3.1,Shanghai state-media digital outlet; lively but within limits.
Asia,China,General,Sixth Tone,https://www.sixthtone.com,EN,Features (state-affiliated),State-affiliated,Website,,no,3,4,4,2,3,4,3,3.3,English features on society; state-owned (Shanghai United Media).
Asia,China,General,Southern Weekly,https://www.infzm.com,ZH,Weekly newspaper,Independent (constrained),Website,,no,3,3,4,3,3,4,3,3.3,Once China's boldest paper; much tamed but still notable.
Asia,China,General,China Digital Times,https://chinadigitaltimes.net,ZH/EN,Censorship archive / news,Independent (external),Website,,no,5,5,4,5,5,4,4,4.6,Berkeley-based; archives censored content and netizen speech.
Asia,China,General,What's on Weibo,https://www.whatsonweibo.com,EN,Social-media analysis,Independent (external),Website,,no,4,5,4,5,4,4,4,4.3,Manya Koetse's tracking of Chinese social media and public discourse.
Asia,China,General,ChinaFile,https://www.chinafile.com,EN,Magazine / analysis,Independent (external),Website,,no,5,4,3,5,4,5,5,4.4,"Asia Society magazine; reporting, translation, and expert debate."
Asia,China,General,The Wire China,https://www.thewirechina.com,EN,Business investigative weekly,Independent (external),Website,,no,5,5,4,5,5,4,5,4.7,Barboza's subscriber weekly on Chinese business and economics.
Asia,China,General,China Media Project,https://chinamediaproject.org,EN/ZH,Media/discourse analysis,Independent (external),Website,,no,5,5,4,5,4,4,5,4.6,Tracks Party discourse and media control; essential Pekingology.
Asia,China,General,Initium Media,https://theinitium.com,ZH,Independent Chinese-language news,Independent (external),Website,,no,5,5,4,4,4,3,4,4.1,Singapore-based independent Chinese-language outlet (ex-Hong Kong).
Asia,China,General,Radio Free Asia,https://www.rfa.org,ZH/EN/multi,Broadcaster (US-funded),Independent (external),Website,,no,4,4,5,4,4,3,3,3.9,"US-funded broadcaster; reports on Xinjiang, Tibet, and censored topics."
Asia,China,General,Sinocism,https://sinocism.com,EN,Analysis newsletter,Independent (external),Social media,Substack,no,4,4,5,4,4,4,4,4.1,Bill Bishop's widely-read curation and analysis of Chinese affairs.
Asia,China,Security,Jamestown China Brief,https://jamestown.org/programs/cb,EN,Security analysis,Independent (external),Website,,no,5,4,3,5,4,5,5,4.4,"Cutting-edge analysis of PLA, security, and elite politics."
Asia,China,Security,CSIS ChinaPower,https://chinapower.csis.org,EN,Data-driven analysis,Independent (external),Website,,yes,5,4,3,5,5,5,5,4.6,Data-and-analysis project on Chinese power; interactive datasets.
Asia,China,Security,MERICS,https://merics.org,EN/DE,China think tank,Independent (external),Website,,no,5,4,3,5,4,5,5,4.4,Europe's leading independent China research institute.
Asia,China,Security,ASPI,https://www.aspi.org.au,EN,Security think tank / OSINT,Independent (external),Website,,no,5,5,3,5,4,4,5,4.4,"Xinjiang Data Project, PLA and tech-security OSINT research."
Asia,China,Security,Doublethink Lab,https://doublethinklab.org,EN/ZH,Influence-ops research,Independent (external),Website,,no,5,5,3,5,4,4,4,4.3,Taiwan-based lab mapping Chinese influence operations.
Asia,China,Security,China Leadership Monitor,https://www.prcleader.org,EN,Elite-politics analysis,Independent (external),Website,,no,5,4,3,5,4,4,5,4.3,Quarterly on Chinese elite politics (Hoover-linked).
Asia,China,Security,CICIR,http://www.cicir.ac.cn,ZH/EN,State security think tank,State-aligned,Website,,no,3,4,3,3,3,3,4,3.3,Ministry of State Security-linked institute; a window on official thinking.
Asia,China,Security,SIIS,http://www.siis.org.cn,ZH/EN,State foreign-policy think tank,State-aligned,Website,,no,3,3,3,3,3,3,4,3.1,Shanghai Institutes for International Studies; official-adjacent analysis.
Asia,China,Economic,People's Bank of China,http://www.pbc.gov.cn,ZH/EN,Central bank,State / official,Website,,yes,4,3,4,3,4,4,2,3.4,"Central bank; monetary, credit, and FX data."
Asia,China,Economic,National Bureau of Statistics of China,https://www.stats.gov.cn/english,ZH/EN,Official statistics,State / official,Website,,yes,3,3,4,2,4,4,1,3.0,Official statistics; headline data widely used but quality debated.
Asia,China,Economic,GACC (China Customs),http://english.customs.gov.cn,ZH/EN,Official trade statistics,State / official,Website,,yes,4,4,4,3,4,4,1,3.4,Customs administration; foreign-trade data.
Asia,China,Economic,MOFCOM,http://english.mofcom.gov.cn,ZH/EN,Official (commerce),State / official,Website,,no,3,3,4,2,4,4,1,3.0,Ministry of Commerce; trade and investment policy.
Asia,China,Economic,Yicai Global,https://www.yicaiglobal.com,ZH/EN,Business news,Independent (constrained),Website,,no,4,3,5,3,4,4,3,3.7,Business-news arm of Shanghai's Yicai media group.
Asia,China,Economic,Economic Observer,http://www.eeo.com.cn,ZH,Business newspaper,Independent (constrained),Website,,no,4,3,4,3,3,4,3,3.4,Market-oriented business paper.
Asia,China,Economic,Rhodium Group,https://rhg.com/china,EN,Economic research,Independent (external),Website,,no,5,5,3,5,4,4,5,4.4,Rigorous independent analysis of the Chinese economy.
Asia,China,Economic,Trivium China,https://triviumchina.com,EN,Policy-and-economy analysis,Independent (external),Website,,no,5,4,5,5,4,4,4,4.4,Daily policy-and-economy briefings from Beijing-based analysts.
Asia,China,Economic,Gavekal Dragonomics,https://research.gavekal.com,EN,Economic research,Independent (external),Website,,no,5,4,4,4,4,3,5,4.1,Respected independent macro research on China.
Asia,China,Economic,MacroPolo,https://macropolo.org,EN,Think tank (Paulson Institute),Independent (external),Website,,no,5,4,3,5,4,5,5,4.4,Paulson Institute's in-house think tank; economy and elite-politics data.
Asia,China,Economic,ChinaTalk,https://www.chinatalk.media,EN,Tech-and-policy analysis,Independent (external),Social media,Substack,no,4,4,4,5,4,4,4,4.1,"Jordan Schneider's tech, policy, and economy analysis and translations."
Asia,China,Political,National People's Congress,http://www.npc.gov.cn/englishnpc,ZH/EN,Legislature (official),State / official,Website,,yes,3,3,4,2,4,4,1,3.0,Official record of the NPC; laws and sessions.
Asia,China,Political,State Council of China,https://english.www.gov.cn,ZH/EN,Government (official),State / official,Website,,no,3,3,4,2,4,4,1,3.0,Central government portal; policies and white papers.
Asia,China,Political,Cyberspace Administration of China,http://www.cac.gov.cn,ZH,Internet regulator (official),State / official,Website,,no,3,3,4,2,4,3,1,2.9,CAC; internet-governance rules and enforcement notices.
Asia,China,Political,Ministry of Foreign Affairs (China),https://www.mfa.gov.cn/eng,ZH/EN,Official (MFA),State / official,Website,,no,3,3,5,2,4,4,1,3.1,"Official statements, spokesperson briefings, and positions."
Asia,China,Political,NPC Observer,https://npcobserver.com,EN,Legislative tracking,Independent (external),Website,,yes,5,5,4,5,5,4,4,4.6,Independent tracking and translation of Chinese legislation.
Asia,China,Political,China Law Translate,https://www.chinalawtranslate.com,EN/ZH,Legal translation / data,Independent (external),Website,,yes,5,5,3,5,5,4,4,4.4,Crowd-and-expert translations of Chinese laws (Yale Paul Tsai Center).
Asia,China,Political,Pekingnology,https://pekingnology.substack.com,EN/ZH,Analysis newsletter,Independent (external),Social media,Substack,no,4,4,4,3,4,4,4,3.9,Zichen Wang's translations of Chinese official and elite discourse.
Asia,China,Political,CASS,http://cass.cn,ZH/EN,State academy / research,State-aligned,Website,,no,3,3,3,3,3,3,4,3.1,Chinese Academy of Social Sciences; official-line scholarship.
Asia,China,Societal,China Labour Bulletin,https://clb.org.hk,EN/ZH,Labour rights / strike data,Independent (external),Website,,yes,5,5,4,5,5,4,3,4.4,Hong Kong-founded; the Strike Map and worker-action datasets.
Asia,China,Societal,GreatFire,https://en.greatfire.org,EN,Censorship monitoring / data,Independent (external),Website,,yes,5,5,4,5,5,4,3,4.4,Tracks website blocking and online censorship in China.
Asia,China,Societal,China Dissent Monitor,https://freedomhouse.org/report/china-dissent-monitor,EN,Protest / dissent dataset,Independent (external),Website,,yes,5,5,3,5,5,4,4,4.4,Freedom House database tracking protest and dissent events.
Asia,China,Societal,Chinese Human Rights Defenders,https://www.nchrd.org,EN/ZH,Human-rights monitor,Independent (external),Website,,no,5,5,3,5,5,4,3,4.3,Network documenting rights abuses and detentions.
Asia,China,Societal,Safeguard Defenders,https://safeguarddefenders.com,EN,Rights / transnational repression,Independent (external),Website,,no,5,5,3,5,5,4,4,4.4,Documents disappearances and China's overseas 'police stations'.
Asia,China,Societal,Bitter Winter,https://bitterwinter.org,EN/multi,Religious freedom / rights,Independent (external),Website,,no,4,5,4,4,3,4,3,3.9,Reports on religious liberty and persecution in China.
Asia,China,Societal,China Change,https://chinachange.org,EN,Rights / civil society translation,Independent (external),Website,,no,4,5,3,5,4,4,4,4.1,Translates and documents Chinese civil society and rights voices.
Asia,China,Societal,Stanford DigiChina,https://digichina.stanford.edu,EN/ZH,Tech-policy translation/analysis,Independent (external),Website,,no,5,5,3,5,5,4,5,4.6,"Translates and analyses Chinese tech, data, and AI policy."
Asia,China,Societal,Made in China Journal,https://madeinchinajournal.com,EN,Labour / society scholarship,Independent (external),Website,,no,5,5,3,5,4,5,5,4.6,"Open-access journal on Chinese labour, civil society, and rights."
Asia,China,Societal,The China Story,https://www.thechinastory.org,EN,Society / culture analysis,Independent (external),Website,,no,4,4,3,5,4,5,5,4.3,ANU project; the Yearbook and analysis of Chinese society and politics.
North & Central America,Canada,General,CBC News,https://www.cbc.ca/news,EN/FR,Public broadcaster,Public broadcaster,Website,,no,5,3,5,4,4,5,3,4.1,National public broadcaster; the most-used Canadian news source.
North & Central America,Canada,General,The Globe and Mail,https://www.theglobeandmail.com,EN,Daily newspaper,Independent,Website,,no,5,3,5,4,4,4,4,4.1,Canada's paper of record; strong investigations.
North & Central America,Canada,General,Toronto Star,https://www.thestar.com,EN,Daily newspaper,Independent,Website,,no,4,3,5,4,4,4,3,3.9,Largest-circulation daily; investigative tradition.
North & Central America,Canada,General,National Post,https://nationalpost.com,EN,Daily newspaper,Independent,Website,,no,4,3,5,4,4,4,3,3.9,National conservative-leaning daily.
North & Central America,Canada,General,La Presse,https://www.lapresse.ca,FR,Daily (Québec),Independent,Website,,no,5,3,5,4,4,4,3,4.0,Leading French-language daily; award-winning investigations.
North & Central America,Canada,General,The Narwhal,https://thenarwhal.ca,EN,Investigative (environment),Independent,Website,,no,5,5,3,5,5,4,4,4.4,Nonprofit investigative outlet on the environment and natural resources.
North & Central America,Canada,General,The Tyee,https://thetyee.ca,EN,Independent daily,Independent,Website,,no,4,4,4,5,4,4,4,4.1,Independent reader-funded outlet from Vancouver.
North & Central America,Canada,Security,CTV News,https://www.ctvnews.ca,EN,Broadcaster / news,Independent,Website,,no,4,3,5,4,3,5,2,3.7,Leading commercial broadcaster's news service.
North & Central America,Canada,Economic,Bank of Canada,https://www.bankofcanada.ca,EN/FR,Central bank,State / official,Website,,yes,5,3,4,5,5,4,2,4.0,Central bank; monetary and financial data.
North & Central America,Canada,Economic,Statistics Canada,https://www.statcan.gc.ca,EN/FR,Official statistics,State / official,Website,,yes,5,3,3,4,5,4,1,3.6,National statistics agency; strong open data.
North & Central America,Canada,Political,Parliament of Canada,https://www.ourcommons.ca,EN/FR,Legislature (official),State / official,Website,,yes,4,3,4,3,5,4,1,3.4,Official record of the House of Commons.
North & Central America,Mexico,General,Reforma,https://www.reforma.com,ES,Daily newspaper,Independent,Website,,no,5,4,5,4,4,3,3,4.0,Leading independent daily; strong investigations.
North & Central America,Mexico,General,El Universal,https://www.eluniversal.com.mx,ES,Daily newspaper,Independent,Website,,no,4,3,5,4,4,4,3,3.9,Major national daily.
North & Central America,Mexico,General,La Jornada,https://www.jornada.com.mx,ES,Daily newspaper (left),Independent,Website,,no,4,3,5,3,3,4,3,3.6,Left-leaning national daily.
North & Central America,Mexico,General,Proceso,https://www.proceso.com.mx,ES,News magazine,Independent,Website,,no,4,4,4,4,4,4,4,4.0,Investigative weekly magazine.
North & Central America,Mexico,General,Animal Político,https://www.animalpolitico.com,ES,Independent digital / investigative,Independent,Website,,no,5,4,5,5,4,4,4,4.4,Digital-native outlet; investigations and the 'El Sabueso' fact-check.
North & Central America,Mexico,General,Aristegui Noticias,https://aristeguinoticias.com,ES,Independent news,Independent,Website,,no,5,4,5,4,4,4,3,4.1,Carmen Aristegui's outlet; major government investigations.
North & Central America,Mexico,Security,Mexicanos Contra la Corrupción (MCCI),https://contralacorrupcion.mx,ES,Anti-corruption investigative,Independent,Website,,no,5,5,3,5,5,4,4,4.4,Investigative nonprofit focused on corruption and impunity.
North & Central America,Mexico,Security,Quinto Elemento Lab,https://quintoelab.org,ES,Investigative nonprofit,Independent,Website,,no,5,5,3,5,5,4,4,4.4,Investigative journalism lab; deep accountability reporting.
North & Central America,Mexico,Economic,Banco de México,https://www.banxico.org.mx,ES/EN,Central bank,State / official,Website,,yes,5,3,4,4,5,4,2,3.9,Central bank; monetary and financial data.
North & Central America,Mexico,Economic,INEGI,https://www.inegi.org.mx,ES/EN,Official statistics,State / official,Website,,yes,5,3,3,4,5,4,1,3.6,National statistics-and-geography institute; strong data.
North & Central America,Mexico,Economic,El Financiero (Mexico),https://www.elfinanciero.com.mx,ES,Business daily,Independent,Website,,no,4,3,5,4,4,4,3,3.9,Business-and-economy daily.
North & Central America,Guatemala,General,Prensa Libre,https://www.prensalibre.com,ES,Daily newspaper,Independent,Website,,no,4,3,5,4,4,4,3,3.9,Guatemala's largest daily.
North & Central America,Guatemala,Security,Plaza Pública,https://www.plazapublica.com.gt,ES,Investigative nonprofit,Independent,Website,,no,5,5,3,5,5,4,4,4.4,Investigative-and-analysis outlet; corruption and rule of law.
North & Central America,Guatemala,Security,No-Ficción,https://no-ficcion.com,ES,Investigative nonprofit,Independent,Website,,no,5,5,3,5,5,4,4,4.4,"Investigations, data, and literary chronicles."
North & Central America,Guatemala,Economic,Banco de Guatemala,https://www.banguat.gob.gt,ES,Central bank,State / official,Website,,yes,4,3,4,4,4,4,2,3.6,Central bank; monetary and financial data.
North & Central America,Guatemala,Economic,INE Guatemala,https://www.ine.gob.gt,ES,Official statistics,State / official,Website,,yes,3,3,3,3,4,3,1,2.9,National statistics institute.
North & Central America,Belize,General,Amandala,https://amandala.com.bz,EN,Newspaper,Independent,Website,,no,3,3,4,3,3,4,2,3.1,Belize's most widely-read newspaper.
North & Central America,Belize,General,Channel 5 Belize,https://edition.channel5belize.com,EN,Broadcaster / news,Independent,Website,,no,4,3,5,4,3,4,2,3.6,Leading broadcaster's news service.
North & Central America,Belize,General,Breaking Belize News,https://www.breakingbelizenews.com,EN,Digital news,Independent,Website,,no,3,3,5,3,3,4,2,3.3,Popular digital news outlet.
North & Central America,Belize,Economic,Central Bank of Belize,https://www.centralbank.org.bz,EN,Central bank,State / official,Website,,yes,4,3,4,4,4,4,2,3.6,Central bank; monetary and financial data.
North & Central America,Honduras,Security,Contracorriente,https://contracorriente.red,ES,Investigative nonprofit,Independent,Website,,no,5,5,3,5,5,4,4,4.4,"Investigative outlet on power, migration, and corruption."
North & Central America,Honduras,General,Criterio.hn,https://criterio.hn,ES,Independent digital news,Independent,Website,,no,4,4,4,4,4,4,3,3.9,Independent news-and-analysis outlet.
North & Central America,Honduras,General,El Heraldo,https://www.elheraldo.hn,ES,Daily newspaper,Independent,Website,,no,3,3,5,3,3,4,2,3.3,Major national daily.
North & Central America,Honduras,General,La Prensa (Honduras),https://www.laprensa.hn,ES,Daily newspaper,Independent,Website,,no,3,3,5,3,3,4,2,3.3,High-circulation daily.
North & Central America,Honduras,Economic,Banco Central de Honduras,https://www.bch.hn,ES,Central bank,State / official,Website,,yes,4,3,4,4,4,4,2,3.6,Central bank; monetary and financial data.
North & Central America,El Salvador,Security,El Faro,https://elfaro.net,ES/EN,Investigative nonprofit,Independent (exile),Website,,no,5,5,4,5,5,4,5,4.7,Latin America's first digital native; landmark investigations; partly relocated.
North & Central America,El Salvador,General,GatoEncerrado,https://gatoencerrado.news,ES,Independent / investigative,Independent,Website,,no,5,5,3,5,4,4,4,4.3,"Independent magazine on rights, gender, and politics."
North & Central America,El Salvador,General,Revista Factum,https://www.revistafactum.com,ES,Investigative,Independent,Website,,no,5,4,3,5,4,4,4,4.1,Investigative-and-analysis outlet.
North & Central America,El Salvador,General,La Prensa Gráfica,https://www.laprensagrafica.com,ES,Daily newspaper,Independent,Website,,no,4,3,5,4,4,4,3,3.9,Leading national daily.
North & Central America,El Salvador,Economic,Banco Central de Reserva,https://www.bcr.gob.sv,ES,Central bank,State / official,Website,,yes,4,3,4,4,4,4,2,3.6,Central Reserve Bank; monetary and financial data.
North & Central America,Nicaragua,General,Confidencial,https://confidencial.digital,ES,Independent (exile),Independent (exile),Website,,no,5,5,4,5,5,4,4,4.6,Chamorro's outlet operating in exile; leading independent coverage.
North & Central America,Nicaragua,General,Divergentes,https://www.divergentes.com,ES,Investigative (exile),Independent (exile),Website,,no,5,5,4,5,4,4,4,4.4,"Investigations on Nicaragua and Central America, in exile."
North & Central America,Nicaragua,General,La Prensa (Nicaragua),https://www.laprensani.com,ES,Daily newspaper (exile),Independent (exile),Website,,no,4,4,4,4,4,4,3,3.9,Historic daily; newsroom forced into exile.
North & Central America,Nicaragua,General,Despacho 505,https://www.despacho505.com,ES,Investigative (exile),Independent (exile),Website,,no,4,5,4,4,4,4,3,4.0,Independent investigative outlet in exile.
North & Central America,Nicaragua,Economic,Banco Central de Nicaragua,https://www.bcn.gob.ni,ES,Central bank,State / official,Website,,yes,3,3,3,2,3,4,1,2.7,Central bank; official data under an authoritarian government.
North & Central America,Costa Rica,General,La Nación (Costa Rica),https://www.nacion.com,ES,Daily newspaper,Independent,Website,,no,5,3,5,4,4,4,3,4.0,Costa Rica's paper of record; strong investigations.
North & Central America,Costa Rica,General,CRHoy,https://www.crhoy.com,ES,Digital news,Independent,Website,,no,4,3,5,4,3,4,2,3.6,High-traffic digital news outlet.
North & Central America,Costa Rica,General,Semanario Universidad,https://semanariouniversidad.com,ES,Weekly / investigative,Independent,Website,,no,5,4,3,5,4,4,4,4.1,University weekly known for investigations.
North & Central America,Costa Rica,General,Delfino.cr,https://delfino.cr,ES,Independent digital news,Independent,Website,,no,4,4,4,5,4,4,3,4.0,Independent news-and-analysis outlet.
North & Central America,Costa Rica,Economic,Banco Central de Costa Rica,https://www.bccr.fi.cr,ES/EN,Central bank,State / official,Website,,yes,5,3,4,4,5,4,2,3.9,Central bank; monetary and financial data.
North & Central America,Costa Rica,Economic,INEC Costa Rica,https://www.inec.cr,ES,Official statistics,State / official,Website,,yes,4,3,3,4,4,4,1,3.3,National statistics-and-census institute.
North & Central America,Panama,General,La Prensa (Panama),https://www.prensa.com,ES,Daily newspaper,Independent,Website,,no,5,4,5,4,4,4,3,4.1,Leading independent daily; corruption investigations.
North & Central America,Panama,General,La Estrella de Panamá,https://www.laestrella.com.pa,ES,Daily newspaper,Independent,Website,,no,4,3,5,4,4,4,3,3.9,Historic national daily.
North & Central America,Panama,Security,Foco,https://focopanama.com,ES,Investigative nonprofit,Independent,Website,,no,5,5,3,5,4,4,4,4.3,Independent investigative outlet.
North & Central America,Panama,Economic,INEC Panama (Contraloría),https://www.inec.gob.pa,ES,Official statistics,State / official,Website,,yes,4,3,3,4,4,4,1,3.3,National statistics institute (Comptroller General).
Caribbean,Cuba,General,14ymedio,https://www.14ymedio.com,ES,Independent (censored/exile),Independent (exile),Website,,no,4,5,4,4,4,3,3,3.9,Yoani Sánchez's outlet; among the few independent Cuban voices.
Caribbean,Cuba,General,Diario de Cuba,https://diariodecuba.com,ES,Independent (exile),Independent (exile),Website,,no,4,5,4,4,4,3,3,3.9,Madrid-based independent outlet on Cuba.
Caribbean,Cuba,Economic,elTOQUE,https://eltoque.com,ES,Independent / data,Independent (exile),Website,,yes,4,5,5,4,4,3,3,4.0,Independent outlet; its informal-market exchange rate is widely used.
Caribbean,Cuba,General,Periodismo de Barrio,https://periodismodebarrio.org,ES,Independent (environment/community),Independent,Website,,no,4,5,3,4,4,3,3,3.7,Independent outlet on environment and community life.
Caribbean,Cuba,General,Granma,https://www.granma.cu,ES/EN,Party newspaper (state),State media,Website,,no,2,3,5,2,3,4,1,2.9,Official Communist Party daily; the government's line.
Caribbean,Cuba,General,Cubadebate,http://www.cubadebate.cu,ES,State media,State media,Website,,no,2,3,5,2,3,4,1,2.9,State news-and-commentary site.
Caribbean,Haiti,General,Le Nouvelliste,https://lenouvelliste.com,FR,Daily newspaper,Independent,Website,,no,4,4,5,4,4,4,3,4.0,Haiti's oldest and leading daily.
Caribbean,Haiti,General,AyiboPost,https://ayibopost.com,FR/HT,Independent digital / investigative,Independent,Website,,no,5,5,4,5,4,4,3,4.3,Independent outlet; investigations and explanatory journalism.
Caribbean,Haiti,General,Haïti Libre,https://www.haitilibre.com,FR/EN,Digital news,Independent,Website,,no,3,3,5,3,3,4,2,3.3,Bilingual news portal.
Caribbean,Haiti,Economic,Banque de la République d'Haïti,https://www.brh.ht,FR,Central bank,State / official,Website,,yes,3,3,3,3,4,3,1,2.9,Central bank; monetary and financial data.
Caribbean,Dominican Republic,General,Diario Libre,https://www.diariolibre.com,ES,Daily newspaper,Independent,Website,,no,4,3,5,4,4,4,3,3.9,Leading free daily.
Caribbean,Dominican Republic,General,Listín Diario,https://listindiario.com,ES,Daily newspaper,Independent,Website,,no,4,3,5,4,4,4,3,3.9,Oldest national daily.
Caribbean,Dominican Republic,General,Acento,https://acento.com.do,ES,Independent digital news,Independent,Website,,no,4,4,4,4,4,4,3,3.9,Independent news-and-opinion outlet.
Caribbean,Dominican Republic,Economic,Banco Central (Dominican Republic),https://www.bancentral.gov.do,ES/EN,Central bank,State / official,Website,,yes,4,3,4,4,5,4,2,3.7,Central bank; monetary and financial data.
Caribbean,Dominican Republic,Economic,ONE (Statistics),https://www.one.gob.do,ES,Official statistics,State / official,Website,,yes,4,3,3,4,4,4,1,3.3,National statistics office.
Caribbean,Jamaica,General,The Gleaner,https://jamaica-gleaner.com,EN,Daily newspaper,Independent,Website,,no,4,3,5,4,4,4,3,3.9,The Caribbean's oldest continuously-published newspaper (1834).
Caribbean,Jamaica,General,Jamaica Observer,https://www.jamaicaobserver.com,EN,Daily newspaper,Independent,Website,,no,4,3,5,4,4,4,3,3.9,Major national daily.
Caribbean,Jamaica,Economic,Bank of Jamaica,https://boj.org.jm,EN,Central bank,State / official,Website,,yes,4,3,4,4,5,4,2,3.7,Central bank; monetary and financial data.
Caribbean,Jamaica,Economic,STATIN,https://statinja.gov.jm,EN,Official statistics,State / official,Website,,yes,4,3,3,4,4,4,1,3.3,Statistical Institute of Jamaica.
Caribbean,Trinidad and Tobago,General,Trinidad and Tobago Guardian,https://www.guardian.co.tt,EN,Daily newspaper,Independent,Website,,no,4,3,5,4,4,4,3,3.9,National daily of record.
Caribbean,Trinidad and Tobago,General,Trinidad Express,https://trinidadexpress.com,EN,Daily newspaper,Independent,Website,,no,4,3,5,4,4,4,3,3.9,Major national daily.
Caribbean,Trinidad and Tobago,General,Newsday (Trinidad),https://newsday.co.tt,EN,Daily newspaper,Independent,Website,,no,4,3,5,4,3,4,2,3.6,National daily.
Caribbean,Trinidad and Tobago,Economic,Central Bank of Trinidad and Tobago,https://www.central-bank.org.tt,EN,Central bank,State / official,Website,,yes,4,3,4,4,5,4,2,3.7,Central bank; monetary and financial data.
Caribbean,Bahamas,General,The Nassau Guardian,https://www.thenassauguardian.com,EN,Daily newspaper,Independent,Website,,no,4,3,5,4,4,4,3,3.9,Leading national daily.
Caribbean,Bahamas,General,The Tribune (Bahamas),https://www.tribune242.com,EN,Daily newspaper,Independent,Website,,no,4,3,5,4,4,4,3,3.9,Major national daily.
Caribbean,Bahamas,General,Eyewitness News,https://ewnews.com,EN,Broadcaster / digital news,Independent,Website,,no,4,3,5,4,3,4,2,3.6,Independent multimedia news outlet.
Caribbean,Bahamas,Economic,Central Bank of The Bahamas,https://www.centralbankbahamas.com,EN,Central bank,State / official,Website,,yes,4,3,4,4,5,4,2,3.7,Central bank; monetary and financial data.
Caribbean,Barbados,General,Barbados Today,https://barbadostoday.bb,EN,Digital news,Independent,Website,,no,4,3,5,4,3,4,2,3.6,Independent digital news outlet.
Caribbean,Barbados,General,Nation News,https://www.nationnews.com,EN,Daily newspaper,Independent,Website,,no,4,3,5,4,4,4,3,3.9,Leading national daily.
Caribbean,Barbados,Economic,Central Bank of Barbados,https://www.centralbank.org.bb,EN,Central bank,State / official,Website,,yes,4,3,4,4,5,4,2,3.7,Central bank; monetary and financial data.
Caribbean,Saint Lucia,General,St. Lucia Times,https://stluciatimes.com,EN,Digital news,Independent,Website,,no,4,3,5,4,3,4,2,3.6,Leading digital-first news outlet.
Caribbean,Saint Lucia,General,The Voice St. Lucia,https://thevoiceslu.com,EN,Newspaper,Independent,Website,,no,3,3,4,3,3,4,2,3.1,National newspaper.
Caribbean,Saint Lucia,Economic,Eastern Caribbean Central Bank,https://www.eccb-centralbank.org,EN,Regional central bank,State / official,Website,,yes,4,3,4,4,5,4,2,3.7,"Shared central bank for the OECS (Antigua, Dominica, Grenada, St Kitts, St Lucia, SVG, and others)."
Caribbean,Grenada,General,NOW Grenada,https://www.nowgrenada.com,EN,Digital news,Independent,Website,,no,4,3,5,4,3,4,2,3.6,Leading digital news outlet.
Caribbean,Grenada,General,The New Today,https://www.thenewtoday.gd,EN,Newspaper / digital,Independent,Website,,no,3,3,4,3,3,4,2,3.1,National news outlet.
Caribbean,Saint Vincent and the Grenadines,General,Searchlight,https://www.searchlight.vc,EN,Newspaper,Independent,Website,,no,4,3,4,4,4,4,2,3.6,National newspaper (twice weekly).
Caribbean,Saint Vincent and the Grenadines,General,iWitness News,https://www.iwnsvg.com,EN,Digital news,Independent,Website,,no,4,3,5,4,3,4,2,3.6,Independent digital news outlet.
Caribbean,Antigua and Barbuda,General,Antigua Observer,https://antiguaobserver.com,EN,Newspaper / broadcaster,Independent,Website,,no,4,3,5,4,3,4,2,3.6,Leading independent outlet.
Caribbean,Antigua and Barbuda,General,Antigua News Room,https://antiguanewsroom.com,EN,Digital news,Independent,Website,,no,3,3,5,3,3,4,2,3.3,Digital news outlet.
Caribbean,Dominica,General,Dominica News Online,https://dominicanewsonline.com,EN,Digital news,Independent,Website,,no,4,3,5,4,3,4,2,3.6,The most-read news site in Dominica.
Caribbean,Dominica,General,The Sun (Dominica),https://sundominica.com,EN,Newspaper,Independent,Website,,no,3,3,4,3,3,4,2,3.1,National newspaper.
Caribbean,Saint Kitts and Nevis,General,SKNVibes,https://www.sknvibes.com,EN,Digital news,Independent,Website,,no,4,3,5,4,3,4,2,3.6,Popular digital news portal.
Caribbean,Saint Kitts and Nevis,General,The St. Kitts-Nevis Observer,https://www.thestkittsnevisobserver.com,EN,Newspaper,Independent,Website,,no,3,3,4,3,3,4,2,3.1,National newspaper.
Oceania,Australia,General,ABC News (Australia),https://www.abc.net.au/news,EN,Public broadcaster,Public broadcaster,Website,,no,5,3,5,4,4,5,3,4.1,National public broadcaster; the most-trusted Australian news source.
Oceania,Australia,General,The Sydney Morning Herald,https://www.smh.com.au,EN,Daily newspaper,Independent,Website,,no,5,3,5,4,4,4,3,4.0,Leading quality daily.
Oceania,Australia,General,The Age,https://www.theage.com.au,EN,Daily newspaper,Independent,Website,,no,5,3,5,4,4,4,3,4.0,Melbourne quality daily; investigative tradition.
Oceania,Australia,General,The Australian,https://www.theaustralian.com.au,EN,Daily newspaper,Establishment,Website,,no,4,3,5,3,4,3,3,3.6,National broadsheet (News Corp).
Oceania,Australia,General,Guardian Australia,https://www.theguardian.com/au,EN,Digital news,Independent,Website,,no,5,3,5,4,4,5,3,4.1,Australian edition of The Guardian.
Oceania,Australia,General,Crikey,https://www.crikey.com.au,EN,Independent digital / commentary,Independent,Website,,no,4,4,4,4,4,4,4,4.0,Subscriber-funded independent news-and-analysis.
Oceania,Australia,Security,The Interpreter (Lowy Institute),https://www.lowyinstitute.org/the-interpreter,EN,Foreign-policy think tank,Independent,Website,,no,5,4,4,5,4,5,5,4.6,Lowy Institute's analysis of Indo-Pacific affairs.
Oceania,Australia,Societal,The Conversation,https://theconversation.com,EN,Academic-journalism platform,Independent,Website,,no,5,3,4,5,5,5,4,4.4,"Academic-authored analysis; originated in Australia, now global."
Oceania,Australia,Economic,Reserve Bank of Australia,https://www.rba.gov.au,EN,Central bank,State / official,Website,,yes,5,3,4,5,5,4,2,4.0,Central bank; monetary and financial data.
Oceania,Australia,Economic,Australian Bureau of Statistics,https://www.abs.gov.au,EN,Official statistics,State / official,Website,,yes,5,3,3,4,5,4,1,3.6,National statistics agency; strong open data.
Oceania,New Zealand,General,RNZ,https://www.rnz.co.nz,EN,Public broadcaster,Public broadcaster,Website,,no,5,3,5,4,4,5,3,4.1,Public-service broadcaster; also the region's key Pacific desk.
Oceania,New Zealand,General,The New Zealand Herald,https://www.nzherald.co.nz,EN,Daily newspaper,Independent,Website,,no,4,3,5,4,4,4,3,3.9,Largest national daily.
Oceania,New Zealand,General,Stuff,https://www.stuff.co.nz,EN,Digital news,Independent,Website,,no,4,3,5,4,4,4,2,3.7,Largest NZ news website.
Oceania,New Zealand,General,Newsroom,https://www.newsroom.co.nz,EN,Independent digital / investigative,Independent,Website,,no,5,4,4,5,4,4,4,4.3,Independent outlet with strong investigations.
Oceania,New Zealand,General,The Spinoff,https://thespinoff.co.nz,EN,Independent digital / analysis,Independent,Website,,no,4,4,4,4,4,4,4,4.0,Independent current-affairs and culture site.
Oceania,New Zealand,Economic,Reserve Bank of New Zealand,https://www.rbnz.govt.nz,EN,Central bank,State / official,Website,,yes,5,3,4,5,5,4,2,4.0,Central bank; monetary and financial data.
Oceania,New Zealand,Economic,Stats NZ,https://www.stats.govt.nz,EN,Official statistics,State / official,Website,,yes,5,3,3,4,5,4,1,3.6,National statistics office.
Oceania,Papua New Guinea,General,Post-Courier,https://www.postcourier.com.pg,EN,Daily newspaper,Independent,Website,,no,4,3,5,4,3,4,2,3.6,National daily.
Oceania,Papua New Guinea,General,The National (PNG),https://www.thenational.com.pg,EN,Daily newspaper,Independent,Website,,no,4,3,5,4,3,4,2,3.6,Major national daily.
Oceania,Papua New Guinea,General,PNG Business News,https://www.pngbusinessnews.com,EN,Business news,Independent,Website,,no,3,3,4,3,3,4,3,3.3,Business-and-economy news.
Oceania,Papua New Guinea,Economic,Bank of Papua New Guinea,https://www.bankpng.gov.pg,EN,Central bank,State / official,Website,,yes,4,3,3,4,4,4,2,3.4,Central bank; monetary and financial data.
Oceania,Fiji,General,The Fiji Times,https://www.fijitimes.com.fj,EN,Daily newspaper,Independent,Website,,no,4,3,5,4,4,4,3,3.9,Fiji's leading daily.
Oceania,Fiji,General,FBC News,https://www.fbcnews.com.fj,EN,Broadcaster / news,Establishment,Website,,no,3,3,5,3,3,4,2,3.3,State-linked broadcaster's news.
Oceania,Fiji,General,Islands Business,https://islandsbusiness.com,EN,Regional news magazine,Independent,Website,,no,4,4,4,4,4,4,4,4.0,Regional Pacific business-and-politics magazine.
Oceania,Fiji,Economic,Reserve Bank of Fiji,https://www.rbf.gov.fj,EN,Central bank,State / official,Website,,yes,4,3,4,4,4,4,2,3.6,Central bank; monetary and financial data.
Oceania,Solomon Islands,General,Solomon Star,https://www.solomonstarnews.com,EN,Daily newspaper,Independent,Website,,no,4,3,5,4,3,4,2,3.6,Leading national daily.
Oceania,Solomon Islands,General,Island Sun,https://theislandsun.com.sb,EN,Daily newspaper,Independent,Website,,no,3,3,5,3,3,4,2,3.3,National daily.
Oceania,Solomon Islands,Economic,Central Bank of Solomon Islands,https://www.cbsi.com.sb,EN,Central bank,State / official,Website,,yes,4,3,3,4,4,4,2,3.4,Central bank; monetary and financial data.
Oceania,Vanuatu,General,Vanuatu Daily Post,https://www.dailypost.vu,EN/BI/FR,Daily newspaper,Independent,Website,,no,4,4,5,4,3,4,2,3.7,Vanuatu's main independent daily.
Oceania,Vanuatu,Economic,Reserve Bank of Vanuatu,https://www.rbv.gov.vu,EN,Central bank,State / official,Website,,yes,4,3,3,4,4,4,2,3.4,Central bank; monetary and financial data.
Oceania,Samoa,General,Samoa Observer,https://www.samoaobserver.ws,EN/SM,Daily newspaper,Independent,Website,,no,5,4,5,4,4,4,3,4.1,Samoa's leading independent daily.
Oceania,Samoa,General,Talamua,https://talamua.com,EN/SM,Digital news,Independent,Website,,no,3,3,4,3,3,4,2,3.1,Independent multimedia news outlet.
Oceania,Samoa,Economic,Central Bank of Samoa,https://www.cbs.gov.ws,EN,Central bank,State / official,Website,,yes,4,3,3,4,4,4,2,3.4,Central bank; monetary and financial data.
Oceania,Kiribati,General,RNZ Pacific,https://www.rnz.co.nz/international/pacific,EN,Regional broadcaster (external),Independent (external),Website,,no,5,4,5,4,4,4,3,4.1,RNZ's Pacific desk; a key independent source for small Pacific states.
Oceania,Kiribati,General,PINA (PACNEWS),https://pina.com.fj,EN,Regional news association,Independent (external),Website,,no,3,4,4,3,3,4,2,3.3,Pacific Islands News Association wire; regional coverage incl. Kiribati.
Oceania,Tonga,General,Matangi Tonga,https://matangitonga.to,EN/TO,Digital news,Independent,Website,,no,4,4,4,4,4,4,3,3.9,Independent online news (Vava'u Press).
Oceania,Tonga,General,Kaniva Tonga,https://kanivatonga.nz,EN/TO,Diaspora digital news,Independent,Website,,no,3,3,5,3,3,4,2,3.3,NZ-based Tongan news outlet.
Oceania,Tonga,Economic,National Reserve Bank of Tonga,https://www.reservebank.to,EN,Central bank,State / official,Website,,yes,4,3,3,4,4,4,2,3.4,Central bank; monetary and financial data.
Oceania,Micronesia,General,The Kaselehlie Press,https://www.kpress.info,EN,Newspaper,Independent,Website,,no,4,4,3,4,3,4,2,3.4,FSM's main newspaper (based in Pohnpei).
Oceania,Micronesia,General,Pacific Island Times,https://www.pacificislandtimes.com,EN,Regional news (Micronesia),Independent (external),Website,,no,4,4,4,4,4,4,3,3.9,Guam-based outlet covering Micronesia and the wider region.
Oceania,Marshall Islands,General,The Marshall Islands Journal,https://marshallislandsjournal.com,EN,Newspaper,Independent,Website,,no,5,5,4,4,4,4,3,4.1,Weekly paper of record; noted nuclear-legacy reporting.
Oceania,Marshall Islands,General,BenarNews (Pacific),https://www.benarnews.org,EN,Regional news (external),Independent (external),Website,,no,5,4,5,5,4,4,3,4.3,BGMF-funded regional outlet; strong Marshall Islands and Pacific coverage.
Oceania,Palau,General,Island Times (Palau),https://islandtimes.org,EN,Newspaper,Independent,Website,,no,4,4,4,4,3,4,2,3.6,Palau's independent newspaper.
Oceania,Palau,General,Tia Belau,https://www.tiabelau.com,EN,Newspaper,Independent,Website,,no,3,3,4,3,3,4,2,3.1,Long-running national newspaper.
Oceania,Nauru,General,BenarNews (Nauru coverage),https://www.benarnews.org/english/regions/pacific,EN,Regional news (external),Independent (external),Website,,no,4,5,4,5,4,4,3,4.1,Regional outlet; one of few independent sources on tightly-closed Nauru.
Oceania,Nauru,General,Government of Nauru,https://www.nauru.gov.nr,EN,Government portal (official),State / official,Website,,no,3,3,4,2,3,4,1,2.9,Official government portal.
Oceania,Tuvalu,General,Fenui News,https://fenuinews.com,EN/TV,Digital news,Independent,Website,,no,3,4,4,4,3,4,2,3.4,Tuvalu's main independent news outlet.
Oceania,Tuvalu,General,Pacific Islands Report,https://www.pireport.org,EN,Regional news aggregator (external),Independent (external),Website,,no,4,4,4,4,4,4,3,3.9,East-West Center regional aggregator covering small Pacific states.
South America,Brazil,Economic,Receita Federal – CNPJ lookup,https://solucoes.receita.fazenda.gov.br/servicos/cnpjreva/cnpjreva_solicitacao.asp,PT,Company registry (official),State / official,Website,,yes,5,5,4,3,5,4,1,3.9,Federal tax authority's CNPJ query — the authoritative record for every registered legal entity.
South America,Brazil,Economic,REDESIM,https://www.gov.br/empresas-e-negocios/pt-br/redesim,PT,Business-registration network (official),State / official,Website,,yes,5,4,4,3,5,3,1,3.6,"National network integrating federal, state, and municipal business registration."
South America,Brazil,Economic,Dados Abertos CNPJ (Receita Federal),https://dadosabertos.rfb.gov.br/CNPJ/,PT,Bulk company dataset (official),State / official,Website,,yes,5,5,3,4,5,4,1,3.9,"Downloadable full CNPJ database — every company, partner, and activity code."
South America,Brazil,Economic,JUCESP,https://www.jucesponline.sp.gov.br,PT,State commercial registry (official),State / official,Website,,yes,4,4,4,3,5,3,1,3.4,São Paulo state commercial board (Junta Comercial); example of the state-level registries.
South America,Argentina,Economic,IGJ (Inspección General de Justicia),https://www.argentina.gob.ar/justicia/igj,ES,Company registry (official),State / official,Website,,yes,5,5,3,3,5,3,1,3.6,Corporate registry for Buenos Aires/CABA; provinces keep their own registries.
South America,Argentina,Economic,AFIP/ARCA – Constancia de Inscripción,https://www.afip.gob.ar,ES,Tax registry lookup (official),State / official,Website,,yes,5,4,4,3,5,3,1,3.6,Tax authority's taxpayer/entity registration check (CUIT).
South America,Argentina,Economic,Boletín Oficial (Argentina),https://www.boletinoficial.gob.ar,ES,Official gazette (company acts),State / official,Website,,yes,4,4,5,4,5,4,1,3.9,Official gazette publishing incorporations and corporate acts.
South America,Chile,Economic,Registro de Empresas y Sociedades (Chile),https://www.registrodeempresasysociedades.cl,ES,Company registry (official),State / official,Website,,yes,5,5,4,3,5,4,1,3.9,'Tu Empresa en un Día' electronic company registry (Ministry of Economy).
South America,Chile,Economic,Diario Oficial (Chile),https://www.diariooficial.interior.gob.cl,ES,Official gazette (company acts),State / official,Website,,yes,4,4,5,4,5,4,1,3.9,Official gazette publishing company constitutions and modifications.
South America,Colombia,Economic,RUES (Registro Único Empresarial y Social),https://www.rues.org.co,ES,Company registry aggregator (official),State / official,Website,,yes,5,5,4,4,5,4,1,4.0,National portal consolidating the mercantile registries of all chambers of commerce (Confecámaras).
South America,Peru,Economic,SUNARP – Personas Jurídicas,https://www.sunarp.gob.pe,ES,Company registry (official),State / official,Website,,yes,5,5,4,3,5,3,1,3.7,National public-registries superintendency; free legal-entity directory.
South America,Peru,Economic,SUNAT – Consulta RUC,https://e-consultaruc.sunat.gob.pe,ES,Tax registry lookup (official),State / official,Website,,yes,5,4,4,3,5,4,1,3.7,Tax authority's RUC lookup for registered businesses.
South America,Venezuela,Economic,SAREN (Registro Mercantil),https://www.saren.gob.ve,ES,Company registry (official),State / official,Website,,yes,4,5,3,2,4,2,1,3.0,"Autonomous registries-and-notaries service; the commercial registry, access constrained."
South America,Ecuador,Economic,Superintendencia de Compañías (Ecuador),https://www.supercias.gob.ec,ES,Company registry / regulator (official),State / official,Website,,yes,5,5,4,4,5,4,1,4.0,"Companies, securities and insurance regulator; searchable company information portal."
South America,Bolivia,Economic,SEPREC (Registro de Comercio),https://www.seprec.gob.bo,ES,Company registry (official),State / official,Website,,yes,4,5,4,3,5,3,1,3.6,Plurinational commerce registry (replaced Fundempresa).
South America,Paraguay,Economic,Dirección General de los Registros Públicos,https://www.pj.gov.py/contenido/154-direccion-general-de-los-registros-publicos/154,ES,Company registry (official),State / official,Website,,yes,4,4,3,3,4,2,1,3.0,Public commercial registry under the Judiciary; merchant and company registration.
South America,Paraguay,Economic,SUACE,https://www.suace.gov.py,ES,Business-registration one-stop (official),State / official,Website,,yes,4,4,3,3,4,3,1,3.1,Unified System for the Opening and Closing of Companies.
South America,Uruguay,Economic,DGR – Registro Nacional de Comercio,https://www.dgr.gub.uy,ES,Company registry (official),State / official,Website,,yes,5,5,4,4,5,4,1,4.0,General Directorate of Registries; the National Commerce Registry.
South America,Uruguay,Economic,Auditoría Interna de la Nación (AIN),https://www.ain.gub.uy,ES,Company oversight / statutes (official),State / official,Website,,yes,4,4,3,4,4,3,1,3.3,Registers company statutes and beneficial-ownership information.
South America,Guyana,Economic,Deeds and Commercial Registries Authority,https://dcraguyana.org,EN,Company registry (official),State / official,Website,,yes,4,5,3,3,4,3,1,3.3,Registrar of Companies and Business Names for Guyana.
South America,Suriname,Economic,Kamer van Koophandel en Fabrieken (KKF),https://www.kkf.sr,NL,Chamber of Commerce trade register (official),State / official,Website,,yes,4,5,3,3,4,3,1,3.3,Chamber of Commerce and Factories; the national trade register (Handelsregister).
South America,Brazil,Economic,OpenCorporates,https://opencorporates.com,EN/multi,Company-data aggregator,Independent (external),Website,,yes,4,5,3,5,4,5,2,4.0,Largest open database of companies; aggregates national registries across 140+ jurisdictions incl. South America.
South America,Brazil,Economic,OCCRP Aleph,https://aleph.occrp.org,EN/multi,Investigative company/records data,Independent (external),Website,,yes,4,5,3,5,4,4,3,4.0,"Investigative data platform indexing company registries, leaks, and public records worldwide."
North & Central America,Canada,Economic,Corporations Canada – Federal Corporation Search,https://ised-isde.canada.ca/cc/lgcy/fdrlCrpSrch.html,EN/FR,Company registry (official),State / official,Website,,yes,5,5,4,4,5,4,1,4.0,Federal registry of corporations incorporated under Canadian law; free name/number search.
North & Central America,Canada,Economic,Registraire des entreprises du Québec (REQ),https://www.registreentreprises.gouv.qc.ca,FR,Company registry (official),State / official,Website,,yes,5,5,4,4,5,4,1,4.0,"Quebec enterprise registrar; free public search by name, NEQ, or person."
North & Central America,Canada,Economic,Ontario Business Registry,https://www.ontario.ca/page/ontario-business-registry,EN/FR,Company registry (official),State / official,Website,,yes,5,4,4,4,5,4,1,3.9,Ontario's official platform; free basic search for companies and non-profits.
North & Central America,Canada,Economic,OrgBook BC,https://orgbook.gov.bc.ca,EN,Open company data (official),State / official,Website,,yes,5,5,4,5,5,5,2,4.4,"Searchable directory of verifiable registration data for 525,000+ BC legal entities."
North & Central America,Mexico,Economic,Registro Público de Comercio (SIGER 2.0),https://rpc.economia.gob.mx,ES,Company registry (official),State / official,Website,,yes,5,5,4,3,5,3,1,3.7,National commercial registry harmonisation platform (Secretaría de Economía); 32 state delegations.
North & Central America,Mexico,Economic,SAT – Registro Federal de Contribuyentes,https://www.sat.gob.mx,ES,Tax registry (official),State / official,Website,,yes,5,4,4,3,5,4,1,3.7,Tax authority; RFC validation for registered businesses and individuals.
North & Central America,Mexico,Economic,DENUE (INEGI),https://www.inegi.org.mx/app/mapa/denue/,ES,Statistical business directory (official),State / official,Website,,yes,5,5,4,4,5,5,1,4.1,"National directory of 5M+ economic units by activity, state and municipality; free and downloadable."
North & Central America,Guatemala,Economic,Registro Mercantil General,https://registromercantil.gob.gt,ES,Company registry (official),State / official,Website,,yes,5,5,4,3,5,3,1,3.7,Guatemala's mercantile registry; company and merchant registration.
North & Central America,Belize,Economic,Belize Companies & Corporate Affairs Registry,https://www.belizecompaniesregistry.gov.bz,EN,Company registry (official),State / official,Website,,yes,4,5,3,3,4,3,1,3.3,Registrar of companies and business names for Belize (online business registry system).
North & Central America,Honduras,Economic,Registro Mercantil (Cámara de Comercio de Tegucigalpa),https://ccit.hn,ES,"Company registry (chamber, official function)",State / official,Website,,yes,4,4,3,3,4,3,1,3.1,Mercantile registry is delegated to chambers of commerce; CCIT covers the central district.
North & Central America,Honduras,Economic,SAR – Registro Tributario Nacional (RTN),https://www.sar.gob.hn,ES,Tax registry (official),State / official,Website,,yes,4,4,4,3,4,3,1,3.3,Revenue administration; RTN registration for businesses and individuals.
North & Central America,El Salvador,Economic,Centro Nacional de Registros – Registro de Comercio,https://www.cnr.gob.sv,ES,Company registry (official),State / official,Website,,yes,5,5,4,4,5,3,1,3.9,National Registry Center's commercial registry; company and trade registration.
North & Central America,Nicaragua,Economic,Registro Público (Propiedad y Mercantil),https://www.poderjudicial.gob.ni,ES,Company registry (official),State / official,Website,,yes,3,4,3,2,4,2,1,2.7,Departmental public registries (commercial and property) under the Judiciary.
North & Central America,Nicaragua,Economic,DGI – Registro Único de Contribuyente (RUC),https://www.dgi.gob.ni,ES,Tax registry (official),State / official,Website,,yes,3,4,3,2,4,3,1,2.9,Revenue authority; RUC registration for businesses.
North & Central America,Costa Rica,Economic,Registro Nacional – Personas Jurídicas,https://www.rnpdigital.com,ES,Company registry (official),State / official,Website,,yes,5,5,4,4,5,4,1,4.0,National Registry's legal-entities registry; online consultation portal.
North & Central America,Panama,Economic,Registro Público de Panamá,https://www.registro-publico.gob.pa,ES,Company registry (official),State / official,Website,,yes,5,5,4,3,5,3,1,3.7,Public registry; mercantile section for companies and foundations.
